ModelID,PatientID,CellLineName,StrippedCellLineName,DepmapModelType,OncotreeLineage,OncotreePrimaryDisease,OncotreeSubtype,OncotreeCode,PatientSubtypeFeatures,RRID,Age,AgeCategory,Sex,PatientRace,PrimaryOrMetastasis,SampleCollectionSite,SourceType,SourceDetail,CatalogNumber,ModelType,TissueOrigin,ModelDerivationMaterial,ModelTreatment,PatientTreatmentStatus,PatientTreatmentType,PatientTreatmentDetails,Stage,StagingSystem,PatientTumorGrade,PatientTreatmentResponse,GrowthPattern,OnboardedMedia,FormulationID,SerumFreeMedia,PlateCoating,EngineeredModel,EngineeredModelDetails,CulturedResistanceDrug,PublicComments,CCLEName,HCMIID,PediatricModelType,ModelAvailableInDbgap,ModelSubtypeFeatures,WTSIMasterCellID,SangerModelID,COSMICID,ModelIDAlias
-0xE933,PT-gj46wT,NIH:OVCAR-3,NIHOVCAR3,HGSOC,Ovary/Fallopian Tube,Ovarian Epithelial Tumor,High-Grade Serous Ovarian Cancer,HGSOC,,CVCL_0465,60,Adult,Female,caucasian,Metastatic,ascites,ATCC,,HTB-161,Cell Line,,,,,,,,,,,Adherent,MF-001-041,RPMI + 20% FBS + 0.01 mg/ml insulin,FALSE,None,,,,,NIHOVCAR3_OVARY,,FALSE,Approved for public sharing - CCLE,,2201,SIDM00105,905933,
dFL-450,PT-5qa3uk,HL-60,HL60,AMLMRC,Myeloid,Acute Myeloid Leukemia,AML with Myelodysplasia-Related Changes,AMLMRC,"TP53(del), CDKN2A and NRAS mutations [PubMed=288488], No PML-RARA fusion",CVCL_0002,36,Adult,Female,caucasian,Primary,haematopoietic_and_lymphoid_tissue,ATCC,,CCL-240,Cell Line,,,,,,,,,,,Suspension,MF-005-001,IMDM + 10% FBS,FALSE,None,,,,,HL60_HAEMATOPOIETIC_AND_LYMPHOID_TISSUE,,TRUE,Approved for public sharing - CCLE,"NRAS, BCOR and CDKN2A",55,SIDM00829,905938,
EcW-351,PT-puKIyc,CACO2,CACO2,COAD,Bowel,Colorectal Adenocarcinoma,Colon Adenocarcinoma,COAD,,CVCL_0025,72,Adult,Male,caucasian,Primary,Colon,ATCC,,HTB-37,Cell Line,,,,Unknown,,,,,,,Adherent,MF-015-009,EMEM + 20% FBS,FALSE,None,,,,,CACO2_LARGE_INTESTINE,,FALSE,Approved for public sharing - CCLE,,,SIDM00891,,
nkn-474,PT-q4K2cp,HEL,HEL,AMLNOS,Myeloid,Acute Myeloid Leukemia,"AML, NOS",AMLNOS,JAK2 and TP53 mutations,CVCL_0001,30,Adult,Male,caucasian,Primary,haematopoietic_and_lymphoid_tissue,DSMZ,,ACC 11,Cell Line,,,,Post-treatment,,,,,,,Suspension,MF-001-001,RPMI + 10% FBS,FALSE,None,,,,,HEL_HAEMATOPOIETIC_AND_LYMPHOID_TISSUE,,TRUE,Approved for public sharing - CCLE,JAK2 and TP53,783,SIDM00594,907053,
yBR-806,PT-q4K2cp,HEL 92.1.7,HEL9217,AML,Myeloid,Acute Myeloid Leukemia,Acute Myeloid Leukemia,AML,JAK2 and TP53 mutations,CVCL_2481,30,Adult,Male,caucasian,,bone_marrow,ATCC,,HEL9217,Cell Line,,,,,,,,,,,Mixed,MF-001-001,RPMI + 10% FBS,FALSE,None,,,,,HEL9217_HAEMATOPOIETIC_AND_LYMPHOID_TISSUE,,TRUE,Approved for public sharing - CCLE,,,SIDM00593,,
6rZ-921,PT-ej13Dz,MONO-MAC-6,MONOMAC6,AML,Myeloid,Acute Myeloid Leukemia,Acute Myeloid Leukemia,AML,"KMT2A-MLLT3, TP53 Arg273His",CVCL_1426,64,Adult,Male,,Primary,haematopoietic_and_lymphoid_tissue,DSMZ,,ACC 124,Cell Line,,,,,,,,,,,Suspension,MF-001-001,RPMI + 10% FBS,FALSE,None,,,,,MONOMAC6_HAEMATOPOIETIC_AND_LYMPHOID_TISSUE,,TRUE,Approved for public sharing - CCLE,"KMT2A::MLLT3, TP53, ASXL1 and U2AF1",2167,SIDM01023,908148,
CVp-900,PT-NOXwpH,LS513,LS513,COAD,Bowel,Colorectal Adenocarcinoma,Colon Adenocarcinoma,COAD,,CVCL_1386,63,Adult,Male,caucasian,Primary,large_intestine,ATCC,,CRL-2134,Cell Line,,,,,,,,,,,Adherent,MF-001-001,RPMI + 10% FBS,FALSE,None,,,,,LS513_LARGE_INTESTINE,,FALSE,Approved for public sharing - CCLE,,569,SIDM00677,907795,ACH-001078
FBr-666,PT-fp8PeY,A101D,A101D,MEL,Skin,Melanoma,Melanoma,MEL,,CVCL_1057,56,Adult,Male,caucasian,Primary,skin,ATCC,,CRL-7898,Cell Line,,,,,,,,,,,Adherent,MF-002-001,DMEM + 10% FBS,FALSE,None,,,,,A101D_SKIN,,FALSE,Approved for public sharing - CCLE,,1806,SIDM00801,910921,
pwX-711,PT-puKIyc,C2BBe1,C2BBE1,COAD,Bowel,Colorectal Adenocarcinoma,Colon Adenocarcinoma,COAD,,CVCL_1096,72,Adult,Male,caucasian,Primary,Colon,ATCC,,CRL-2102,Cell Line,,,,,,,,,,,Adherent,MF-002-021,DMEM + 10% FBS + 0.01 mg/ml Transferrin,FALSE,None,,,,,C2BBE1_LARGE_INTESTINE,,FALSE,Approved for public sharing - CCLE,,2104,SIDM01233,910700,
8Ak-004,PT-AR7W9o,253J,253J,BLCA,Bladder/Urinary Tract,Bladder Urothelial Carcinoma,Bladder Urothelial Carcinoma,BLCA,,CVCL_7935,53,Adult,Male,,Metastatic,lymph_node,KCLB,,80001,Cell Line,,,,,,,,,,,Adherent,MF-002-001,DMEM + 10% FBS,FALSE,None,,,,,253J_URINARY_TRACT,,FALSE,Approved for public sharing - CCLE,,,,,
Wvk-040,PT-NdspH5,HCC-827,HCC827,LUAD,Lung,Non-Small Cell Lung Cancer,Lung Adenocarcinoma,LUAD,,CVCL_2063,39,Adult,Female,caucasian,Primary,lung,ATCC,,CRL-2868,Cell Line,,,,,,,,,,,Adherent,MF-001-001,RPMI + 10% FBS,FALSE,None,,,,,HCC827_LUNG,,FALSE,Approved for public sharing - CCLE,,354,SIDM01067,1240146,
uuk-615,PT-gj46wT,ONCO-DG-1,ONCODG1,HGSOC,Ovary/Fallopian Tube,Ovarian Epithelial Tumor,High-Grade Serous Ovarian Cancer,HGSOC,,CVCL_1882,60,Adult,Female,caucasian,Metastatic,ascites,DSMZ,,ACC 507,Cell Line,,,,,,,,,,,Adherent,MF-001-001,RPMI + 10% FBS,FALSE,None,,,,SNP fingerprinting confirms that this line is an OVCAR-3 derivative. DepMap metadata has been updated (as of 22Q2) to reflect this.,ONCODG1_OVARY,,FALSE,Approved for public sharing - CCLE,,,SIDM00093,,
wwg-515,PT-fp8PeY,Hs 294T,HS294T,MEL,Skin,Melanoma,Melanoma,MEL,,CVCL_0331,56,Adult,Male,caucasian,Metastatic,lymph_node,ATCC,,HTB-140,Cell Line,,,,,,,,,,,Adherent,MF-002-001,DMEM + 10% FBS,FALSE,None,,,,,HS294T_SKIN,,FALSE,Approved for public sharing - CCLE,,,SIDM00800,,
1Qu-701,PT-ffwajI,NCI-H1581,NCIH1581,LCLC,Lung,Non-Small Cell Lung Cancer,Large Cell Lung Carcinoma,LCLC,,CVCL_1479,44,Adult,Male,caucasian,Primary,lung,ATCC,,CRL-5878,Cell Line,,,,,,,,,,,Adherent,MF-007-008,DMEM:F12 + 5% FBS,FALSE,None,,,,,NCIH1581_LUNG,,FALSE,Approved for public sharing - CCLE,,1237,SIDM00748,908471,ACH-000010
JPn-336,PT-JnARLB,SLR 21,SLR21,CCRCC,Kidney,Renal Cell Carcinoma,Renal Clear Cell Carcinoma,CCRCC,,CVCL_V607,,Unknown,Unknown,,Metastatic,kidney,Dana-Farber Cancer Institute,Bill Kaelin,,Cell Line,,,,,,,,,,,Adherent,MF-001-001,RPMI + 10% FBS,FALSE,None,,,,,SLR21_KIDNEY,,FALSE,Approved for public sharing - CCLE,,,,,
5Dj-010,PT-8CE6ah,SK-BR-3,SKBR3,BRCA,Breast,Invasive Breast Carcinoma,Invasive Breast Carcinoma,BRCA,,CVCL_0033,43,Adult,Female,caucasian,Metastatic,pleural_effusion,ATCC,,,Cell Line,,,,,,,,,,,Mixed,MF-023-001,McCoy's 5A + 10% FBS,FALSE,None,,,,,SKBR3_BREAST,,FALSE,Approved for public sharing - CCLE,HER2+,,SIDM00897,,
lW5-428,PT-Mi0cKz,T24,T24,BLCA,Bladder/Urinary Tract,Bladder Urothelial Carcinoma,Bladder Urothelial Carcinoma,BLCA,,CVCL_0554,82,Adult,Female,caucasian,Primary,urinary_tract,ATCC,,HTB-4,Cell Line,,,,,,,,,,,Adherent,MF-023-001,McCoy's 5A + 10% FBS,FALSE,None,,,,,T24_URINARY_TRACT,,FALSE,Approved for public sharing - CCLE,,1455,SIDM01184,724812,
hGO-989,PT-viJKnw,MCF-7,MCF7,BRCA,Breast,Invasive Breast Carcinoma,Invasive Breast Carcinoma,BRCA,,CVCL_0031,69,Adult,Female,caucasian,Metastatic,pleural_effusion,ATCC,,HTB-22,Cell Line,,,,,,,,,,,Adherent,MF-015-010,EMEM + 10% FBS + 0.01 mg/ml recombinant insulin,FALSE,None,,,,,MCF7_BREAST,,FALSE,Approved for public sharing - CCLE,ER+,588,SIDM00148,905946,
eIt-266,PT-GMWtlF,MHH-CALL-2,MHHCALL2,BALL,Lymphoid,B-Cell Acute Lymphoblastic Leukemia,B-Cell Acute Lymphoblastic Leukemia,,No Fusion [PMID: 21518330],CVCL_1409,15,Pediatric,Female,caucasian,Primary,haematopoietic_and_lymphoid_tissue,DSMZ,,,Cell Line,,,,,,,,,,,Suspension,MF-001-020,RPMI + 20% FBS,FALSE,None,,,,,MHHCALL2_HAEMATOPOIETIC_AND_LYMPHOID_TISSUE,,TRUE,Approved for public sharing - CCLE,Near haploid,1906,SIDM00331,908132,
Bi0-209,PT-9p1WQv,NCI-H1693,NCIH1693,LUAD,Lung,Non-Small Cell Lung Cancer,Lung Adenocarcinoma,LUAD,,CVCL_1488,55,Adult,Female,caucasian,Metastatic,lymph_node,ATCC,,CRL-5887,Cell Line,,,,,,,,,,,Adherent,MF-001-001,RPMI + 10% FBS,FALSE,None,,,,,NCIH1693_LUNG,,FALSE,Approved for public sharing - CCLE,,634,SIDM00742,687802,
mMA-166,PT-lVglGI,PA-TU-8988S,PATU8988S,PAAD,Pancreas,Pancreatic Adenocarcinoma,Pancreatic Adenocarcinoma,PAAD,,CVCL_1846,64,Adult,Female,,Metastatic,liver,DSMZ,,ACC 204,Cell Line,,,,,,,,,,,Adherent,MF-002-003,DMEM + 10% FBS + 2mM Glutamine,FALSE,None,,,,,PATU8988S_PANCREAS,,FALSE,Approved for public sharing - CCLE,,,SIDM00452,,
iA6-055,PT-lVglGI,PA-TU-8988T,PATU8988T,PAAD,Pancreas,Pancreatic Adenocarcinoma,Pancreatic Adenocarcinoma,PAAD,,CVCL_1847,64,Adult,Female,,Metastatic,liver,DSMZ,,ACC 162,Cell Line,,,,,,,,,,,Adherent,MF-002-001,DMEM + 10% FBS,FALSE,None,,,,,PATU8988T_PANCREAS,,FALSE,Approved for public sharing - CCLE,,1242,SIDM00453,1240201,
GRe-728,PT-codP7n,OPM-2,OPM2,PCM,Lymphoid,Mature B-Cell Neoplasms,Plasma Cell Myeloma,PCM,,CVCL_1625,56,Adult,Female,,Primary,haematopoietic_and_lymphoid_tissue,DSMZ,,,Cell Line,,,,,,,,,,,Suspension,MF-001-001,RPMI + 10% FBS,FALSE,None,,,,,OPM2_HAEMATOPOIETIC_AND_LYMPHOID_TISSUE,,FALSE,Approved for public sharing - CCLE,,112,SIDM00457,909249,
ipU-508,PT-nrgozM,CH-157MN,CH157MN,MNG,CNS/Brain,Meningothelial Tumor,Meningioma,MNG,,CVCL_5723,41,Adult,Female,,Primary,central_nervous_system,Brigham and Women's Hospital,Ian Dunn,,Cell Line,,,,,,,,,,,Mixed,MF-002-001,DMEM + 10% FBS,FALSE,None,,,,,CH157MN_CENTRAL_NERVOUS_SYSTEM,,FALSE,Approved for public sharing - CCLE,,,,,
r6v-183,PT-AR7W9o,253J-BV,253JBV,BLCA,Bladder/Urinary Tract,Bladder Urothelial Carcinoma,Bladder Urothelial Carcinoma,BLCA,,CVCL_7937,53,Adult,Male,,Metastatic,lymph_node,KCLB,,80002,Cell Line,,,,,,,,,,,Mixed,MF-002-001,DMEM + 10% FBS,FALSE,None,,,,,253JBV_URINARY_TRACT,,FALSE,Approved for public sharing - CCLE,,,,,
OV3-829,PT-llPs5J,GOS-3,GOS3,GB,CNS/Brain,Adult-Type Diffuse Glioma,"Glioblastoma, IDH-Wildtype",GB,,CVCL_2050,64,Adult,Male,,Primary,central_nervous_system,DSMZ,,ACC 408,Cell Line,,,,,,,,,,,Adherent,MF-002-001,DMEM + 10% FBS,FALSE,None,,,,SNP fingerprinting confirms that this line is an U-343 MG derivative. DepMap metadata has been updated (as of 22Q2) to reflect this.,GOS3_CENTRAL_NERVOUS_SYSTEM,,FALSE,Approved for public sharing - CCLE,,,,,
6oP-633,PT-viJKnw,KPL-1,KPL1,BRCA,Breast,Invasive Breast Carcinoma,Invasive Breast Carcinoma,BRCA,,CVCL_2094,69,Adult,Female,caucasian,Metastatic,pleural_effusion,DSMZ,,,Cell Line,,,,,,,,,,,Adherent,MF-002-001,DMEM + 10% FBS,FALSE,None,,,,SNP fingerprinting confirms that this line is an MCF-7 derivative. DepMap metadata has been updated (as of 22Q2) to reflect this.,KPL1_BREAST,,FALSE,Approved for public sharing - CCLE,ER+,,SIDM00147,,
Vd7-714,PT-NdspH5,HCC-827-GR5,HCC827GR5,LUAD,Lung,Non-Small Cell Lung Cancer,Lung Adenocarcinoma,LUAD,,CVCL_V622,39,Adult,Female,caucasian,Primary,lung,Dana-Farber Cancer Institute,Pasi Janne,,Cell Line,,,,,,,,,,,Adherent,MF-001-014,RPMI + 5% FBS,FALSE,None,engineered clone,MET amplified,,,HCC827GR5_LUNG,,FALSE,Approved for public sharing - CCLE,,,,,
wyH-085,PT-nDRyc6,PC-14,PC14,LUAD,Lung,Non-Small Cell Lung Cancer,Lung Adenocarcinoma,LUAD,,CVCL_1640,45,Adult,Male,asian,Primary,lung,RIKEN,,RCB4455,Cell Line,,,,,,,,,,,Adherent,MF-001-001,RPMI + 10% FBS,FALSE,None,,,,,PC14_LUNG,,FALSE,Approved for public sharing - CCLE,,198,SIDM00237,753608,
ckl-460,PT-o4NqQC,Panc 02.13,PANC0213,PAAD,Pancreas,Pancreatic Adenocarcinoma,Pancreatic Adenocarcinoma,PAAD,,CVCL_1634,64,Adult,Female,caucasian,Primary,pancreas,ATCC,,CRL-2554,Cell Line,,,,,,,,,,,Adherent,MF-001-001,RPMI + 10% FBS,FALSE,None,,,,,PANC0213_PANCREAS,,FALSE,Approved for public sharing - CCLE,,,,,
FdA-492,PT-p2KOyI,MHH-CALL-3,MHHCALL3,BALL,Lymphoid,B-Cell Acute Lymphoblastic Leukemia,B-Cell Acute Lymphoblastic Leukemia,,TCF3::PBX1,CVCL_0089,11,Pediatric,Female,,Primary,bone_marrow,DSMZ,,ACC-339,Cell Line,,,,Pre-treatment,,,,,,,Mixed,MF-001-020,RPMI + 20% FBS,FALSE,None,,,,,MHHCALL3_HAEMATOPOIETIC_AND_LYMPHOID_TISSUE,,TRUE,Approved for public sharing - CCLE,TCF3::PBX1,,,,
gtA-835,PT-9p1WQv,NCI-H1819,NCIH1819,LUAD,Lung,Non-Small Cell Lung Cancer,Lung Adenocarcinoma,LUAD,,CVCL_1497,55,Adult,Female,caucasian,Metastatic,lymph_node,Academic lab,,,Cell Line,,,,,,,,,,,Adherent,MF-001-014,RPMI + 5% FBS,FALSE,None,,,,,NCIH1819_LUNG,,FALSE,Approved for public sharing - CCLE,,,,,
FT5-355,PT-5qa3uk,PLB-985,PLB985,AML,Myeloid,Acute Myeloid Leukemia,Acute Myeloid Leukemia,AML,"TP53(del), CDKN2A and NRAS mutations",CVCL_2162,35,Adult,Female,caucasian,Primary,haematopoietic_and_lymphoid_tissue,Dana-Farber Cancer Institute,David Pellman,,Cell Line,,,,,,,,,,,Suspension,MF-001-001,RPMI + 10% FBS,FALSE,None,,,,SNP fingerprinting confirms that this line is an HL-60 derivative. DepMap metadata has been updated (as of 22Q2) to reflect this.,PLB985_HAEMATOPOIETIC_AND_LYMPHOID_TISSUE,,TRUE,Approved for public sharing - CCLE,,,SIDM00811,,
fws-845,PT-5LVIPg,NCI-H1650,NCIH1650,NSCLC,Lung,Non-Small Cell Lung Cancer,Non-Small Cell Lung Cancer,NSCLC,,CVCL_1483,27,Adult,Male,caucasian,Metastatic,pleural_effusion,ATCC,,NCIH1650,Cell Line,,,,,,,,,,,Adherent,MF-001-001,RPMI + 10% FBS,FALSE,None,,,,,NCIH1650_LUNG,,FALSE,Approved for public sharing - CCLE,,1548,SIDM00745,687800,
aYK-906,PT-llPs5J,U343,U343,GB,CNS/Brain,Adult-Type Diffuse Glioma,"Glioblastoma, IDH-Wildtype",GB,,CVCL_4773,64,Adult,Male,,Primary,central_nervous_system,Academic lab,Linda Chin,,Cell Line,,,,,,,,,,,Adherent,MF-002-001,DMEM + 10% FBS,FALSE,None,,,,,U343_CENTRAL_NERVOUS_SYSTEM,,FALSE,Approved for public sharing - CCLE,,,,,
CyJ-883,PT-JfLphU,S-117,S117,SARCNOS,Soft Tissue,"Sarcoma, NOS","Sarcoma, NOS",SARCNOS,,CVCL_1674,47,Adult,Female,,,soft_tissue,DSMZ,,266,Cell Line,,,,,,,,,,,Adherent,MF-001-001,RPMI + 10% FBS,FALSE,None,,,,,S117_THYROID,,FALSE,Approved for public sharing - CCLE,,,SIDM00035,,
w15-391,PT-LoXnDo,EHEB,EHEB,ZTRABL,Lymphoid,Non-Cancerous,"Transformed cell line, B lymphoblast",,,CVCL_1194,69,Adult,Female,,Primary,B lymphoblastoid cells,DSMZ,,,Cell Line,,,EBV,,,,,,,,Suspension,MF-001-001,RPMI + 10% FBS,FALSE,None,,,,Probably misclassified. Originally thought to be a leukemia cell line but is probably a B-lymphoblastoid cell line (PubMed=12592342).,EHEB_HAEMATOPOIETIC_AND_LYMPHOID_TISSUE,,TRUE,Approved for public sharing - CCLE,,39,SIDM01049,906854,
spU-324,PT-wGDMGe,SK-N-MC,SKNMC,ES,Bone,Ewing Sarcoma,Ewing Sarcoma,ES,,CVCL_0530,14,Pediatric,Female,caucasian,Metastatic,bone,ATCC,,HTB-10,Cell Line,,,,,,,,,,,Adherent,MF-006-001,MEM + 10% FBS,FALSE,None,,,,,SKNMC_BONE,,TRUE,Approved for public sharing - CCLE,EWS::FLI,,SIDM00634,,
qK6-434,PT-5XnRfQ,U-118 MG,U118MG,ASTR,CNS/Brain,Adult-Type Diffuse Glioma,"Astrocytoma, IDH-Mutant",ASTR,,CVCL_0633,47,Adult,Male,caucasian,Primary,central_nervous_system,ATCC,,HTB-15,Cell Line,,,,,,,,,,,Adherent,MF-002-001,DMEM + 10% FBS,FALSE,None,,,,SNP fingerprinting confirms that this line is an U-138 MG derivative. DepMap metadata has been updated (as of 22Q2) to reflect this.,U118MG_CENTRAL_NERVOUS_SYSTEM,,FALSE,Approved for public sharing - CCLE,,7,SIDM01193,687588,
Y4t-949,PT-3yDaRJ,RD-ES,RDES,ES,Bone,Ewing Sarcoma,Ewing Sarcoma,ES,,CVCL_2169,19,Adult,Male,caucasian,Primary,bone,ATCC,,HTB-166,Cell Line,,,,,,,,,,,Mixed,MF-001-017,RPMI + 15% FBS,FALSE,None,,,,,RDES_BONE,,TRUE,Approved for public sharing - CCLE,EWS::FLI,,,,
jpJ-859,PT-QOpMVz,Panc 02.03,PANC0203,PAAD,Pancreas,Pancreatic Adenocarcinoma,Pancreatic Adenocarcinoma,PAAD,,CVCL_1633,70,Adult,Female,caucasian,Primary,pancreas,ATCC,,CRL-2553,Cell Line,,,,,,,,,,,Adherent,MF-001-042,RPMI + 15% FBS + 10 Units/ml recombinant Insulin,FALSE,None,,,,,PANC0203_PANCREAS,,FALSE,Approved for public sharing - CCLE,,1838,SIDM01139,1298475,
IK1-886,PT-rTUVZQ,Hs 895.T,HS895T,ZFIBSKI,Fibroblast,Non-Cancerous,"Fibroblast, Skin",,,CVCL_0993,48,Adult,Female,caucasian,Metastatic,fibroblast,ATCC,,CRL-7637,Cell Line,,,,,,,,,,,Adherent,MF-002-001,DMEM + 10% FBS,FALSE,None,,,,,HS895T_FIBROBLAST,,FALSE,Approved for public sharing - CCLE,,,,,
NuV-036,PT-HMBfbj,MDA-MB-134-VI,MDAMB134VI,ILC,Breast,Invasive Breast Carcinoma,Breast Invasive Lobular Carcinoma,ILC,,CVCL_0617,47,Adult,Female,caucasian,Metastatic,pleural_effusion,ATCC,,,Cell Line,,,,,,,,,,,Adherent,MF-021-003,L-15 + 20% FBS,FALSE,None,,,,,MDAMB134VI_BREAST,,FALSE,Approved for public sharing - CCLE,luminal ER+,,SIDM00005,,
oFd-671,PT-zb7Sx0,MV4-11,MV411,AML,Myeloid,Acute Myeloid Leukemia,Acute Myeloid Leukemia,AML,KMT2A::AFF1 (e9-e5),CVCL_0064,10,Pediatric,Male,,Primary,haematopoietic_and_lymphoid_tissue,ATCC,,CRL-9591,Cell Line,,,,,,,,,,,Suspension,MF-005-001,IMDM + 10% FBS,FALSE,None,,,,,MV411_HAEMATOPOIETIC_AND_LYMPHOID_TISSUE,,TRUE,Approved for public sharing - CCLE,"KMT2A::AFF1, FLT3-ITD, TP53, STAG2 and MGA",133,SIDM00657,908156,ACH-001288
Aeb-277,PT-zV8Sol,ACHN,ACHN,PRCC,Kidney,Renal Cell Carcinoma,Papillary Renal Cell Carcinoma,PRCC,,CVCL_1067,22,Adult,Male,caucasian,Metastatic,pleural_effusion,ATCC,,CRL-1611,Cell Line,,,,,,,,,,,Adherent,MF-006-001,MEM + 10% FBS,FALSE,None,,,,,ACHN_KIDNEY,,FALSE,Approved for public sharing - CCLE,,371,SIDM00123,905950,
zSF-424,PT-UVwT4j,GCIY,GCIY,STAD,Esophagus/Stomach,Esophagogastric Adenocarcinoma,Stomach Adenocarcinoma,STAD,,CVCL_1228,39,Adult,Female,asian,Metastatic,ascites,RIKEN,,RCB0555,Cell Line,,,,,,,,,,,Adherent,MF-006-012,MEM + 15% FBS,FALSE,None,,,,,GCIY_STOMACH,,FALSE,Approved for public sharing - CCLE,,1414,SIDM00274,906869,
BR9-197,PT-EehOTC,TOV-112D,TOV112D,EOV,Ovary/Fallopian Tube,Ovarian Epithelial Tumor,Endometrioid Ovarian Cancer,EOV,,CVCL_3612,42,Adult,Female,caucasian,Primary,ovary,ATCC,,CRL-11731,Cell Line,,,,,,,,,,,Adherent,MF-044-001,MCDB 105:Medium 199 (1:1) + 15% FBS + 1.5g/l Sodium bicarbonate,FALSE,None,,,,,TOV112D_OVARY,,FALSE,Approved for public sharing - CCLE,,5,SIDM01170,1299070,
IuA-546,PT-qWYYgr,HEK TE,HEKTE,ZIMMEKC,Kidney,Non-Cancerous,Immortalized Embyonic Kidney Cells,,,CVCL_WS59,,Unknown,Unknown,,,kidney,The Broad Institute,Jesse Boehm,,Cell Line,,,,,,,,,,,Adherent,,,,None,,,,,HEKTE_KIDNEY,,FALSE,Approved for public sharing - CCLE,,,,,
wde-847,PT-HOg2sh,NCI-H929,NCIH929,PCM,Lymphoid,Mature B-Cell Neoplasms,Plasma Cell Myeloma,PCM,,CVCL_1600,62,Adult,Female,caucasian,Metastatic,pleural_effusion,ATCC,,CRL-9068,Cell Line,,,,,,,,,,,Suspension,MF-001-006,RPMI + 10% FBS + 50uM 2-Mercaptoethanol,FALSE,None,,,,SNP fingerprinting rules out K-562 contamination.,NCIH929_HAEMATOPOIETIC_AND_LYMPHOID_TISSUE,,FALSE,Approved for public sharing - CCLE,,1230,SIDM01148,724825,