Pathway,ACH-000708,ACH-000421,ACH-000999,ACH-000552,ACH-000798,ACH-000501,ACH-000998,ACH-001456,ACH-000971,ACH-001454,ACH-000926,ACH-000991,ACH-002024,ACH-000009,ACH-000491,ACH-000963,ACH-000342,ACH-000360,ACH-002665,ACH-000249,ACH-000943,ACH-000722,ACH-002886,ACH-002654,ACH-002664,ACH-000842,ACH-000969,ACH-000997,ACH-002662,ACH-000989,ACH-000982,ACH-001459,ACH-000467,ACH-000565,ACH-000710,ACH-002539,ACH-001461,ACH-000651,ACH-000381,ACH-000403,ACH-000400,ACH-002532,ACH-000296,ACH-000236,ACH-000286,ACH-002025,ACH-001345,ACH-000538,ACH-000955,ACH-001061,ACH-000895,ACH-000683,ACH-000412,ACH-000680,ACH-001786,ACH-000253,ACH-000470,ACH-000958,ACH-000089,ACH-002932,ACH-002667,ACH-000252,ACH-000007,ACH-000489,ACH-002660,ACH-000986,ACH-000985,ACH-001399,ACH-000350,ACH-001458,ACH-000970,ACH-002543,ACH-000003,ACH-002659,ACH-000950,ACH-000959,ACH-000820,ACH-000967,ACH-002538,ACH-000957,ACH-002535,ACH-000935,ACH-001460,ACH-000202,ACH-000532,ACH-002669
HALLMARK_ADIPOGENESIS,0.2891300345620314,-0.15685808896469502,0.1699494916013768,-0.0472425506257039,0.29867163634526495,-0.4239435138978327,0.28588096546774777,-0.028574373581701923,-0.11813372284955831,-0.039637080634488536,0.22482984562667352,-0.0971066494759224,-0.201803756701336,0.07532044883379502,-0.14549187534412067,-0.023685603886216655,-0.044154457989626916,-0.25071011945003335,-0.05833701829949475,-0.04542997981082675,-0.36625498469533174,0.24766607842331168,-0.025016750247250724,0.09394700652553467,-0.025310266126040926,-0.16315182695091895,-0.24263298155608498,0.042985319716485004,0.2757268463951996,-0.1996834706428284,0.27244969560222426,0.04476669483045567,-0.1269228619939276,-0.27275385269499786,-0.19275489103216525,0.2337136631065575,0.06787391125052791,-0.22317121132901357,-0.03093160971075201,-0.3235725600685283,-0.0442530225703309,0.031189719916145164,-0.26065986658349904,-0.23810038029083713,-0.09135256225183819,-0.11947072342273879,0.3987575442804151,-0.30244686901682016,-0.12847698855232204,0.25737198205881673,0.10794747911832328,-0.21099269262378273,-0.26642175128088097,0.09447655858030851,0.1592505415037747,-0.13642082649320109,0.09478789449216546,-0.2573717987039808,0.3005976420498092,0.28896519094188156,0.15325927872084105,-0.03629657076435916,0.034139558874027864,-0.2806369931808156,-0.09740431109938938,0.2812253483983246,-0.2258024854615096,-0.17866995110377273,-0.3089976472226251,0.17242219791947866,-0.27049399185407,0.11694457383842033,0.013928409213605553,0.005595820225610587,0.01899005129113701,0.3073297848626779,0.22458584303352908,-0.0486716516850606,-0.18735390403827695,0.15508342960955246,-0.0498394396188237,-0.02217660526018242,0.30702974278328493,-0.1230050037365063,0.13341762840349652,-0.12461887041442699
HALLMARK_ALLOGRAFT_REJECTION,-0.18174957789820256,0.10554296056365381,-0.15734893292506583,-0.23882277503352953,0.3536925165831427,0.301756435441202,-0.023352494566059034,0.19736879818546343,-0.24351598047483397,-0.014807263364102652,-0.10877323825670138,-0.10651987968374602,-0.2095763265224191,-0.21316846019310812,-0.30576041741226917,-0.2795823537945286,0.12225957493554485,-0.011706735377928212,-0.3009446583365859,0.011366080794922462,-0.061184530932387654,-0.15757074681967803,-0.08219437327831683,0.19364996036289972,-0.10287998877494206,0.28329392561164796,-0.09384258138927479,-0.2962507856763358,0.030016946052230736,-0.32008664226855105,-0.3336966778897456,0.05471636453534853,0.11150452039779901,0.2591800484752399,-0.17393303115683176,0.09278056799364726,0.19646677545028934,-0.24983577794850165,0.20781237895155935,0.14212507445753625,-0.003313157472243866,0.22737253395336188,-0.05224886187873806,0.060537433853709965,0.22042787976910072,0.3105182556012374,-0.1530716035231383,-0.3129662012448545,-0.09118857549300965,0.10110614599845474,0.019889730042411263,-0.07380295610015836,0.3479444239131845,-0.3318448222113752,0.13412238748175442,-0.11884866252172122,0.28112890241584415,0.09408387222397435,0.039961091643207436,0.2668158419940178,-0.011101906075278695,0.05808008674928472,-0.06715651828997102,0.36931035183568656,0.2549135655349377,0.06102630850742674,-0.22633496155010455,0.105888707309309,-0.26091222982311985,0.11323036124056088,0.14082855377906278,-0.17718408209442021,0.1349174773298729,-0.07413092024514517,-0.03383599320869013,-0.1492522894467415,0.1718453936577652,-0.15946786188191345,0.09004831321242995,-0.25011031137362605,0.23311535730146338,0.1485569119960084,0.31890328515426686,-0.226378122998455,0.25853107845296935,0.3623715959629347
HALLMARK_ANDROGEN_RESPONSE,-0.05612442720100724,-0.10783054807853984,-0.15218677981569964,0.060806366822066193,0.31997080629806357,-0.04921426441203819,-0.008672868812954926,-0.20902978971416333,0.038316337909010845,0.06030386424201967,0.08447117782943697,0.0356816312224377,0.048979559424105534,0.25609306332713255,-0.024379956684595916,-0.1691657419495329,0.10177644817987894,-0.3719214275106443,0.01858368476050326,-0.22788930113860262,-0.3582429728723095,0.11610908032883133,0.08885227935676884,0.34608554965007227,0.1874833313663299,-0.14019570662140893,-0.3693343596616545,-0.03265370776909762,0.1746685499170061,-0.12574833850092643,-0.19723889666441236,-0.22064102241478334,-0.1715824664715955,-0.17851428326427488,0.08398130727432812,0.3243493859213146,-0.2737362008216556,-0.088092893397824,-0.00956768326055335,-0.14491166964142554,-0.05989169150782264,0.22286103431270027,-0.058938147056735446,-0.2346497424690563,-0.044239539304268466,0.19328785401749965,-0.0550978729407951,-0.31337475608451454,-0.1067038119328847,0.2026355634552479,0.021237598093146626,-0.24837535795054386,-0.06720708554879556,-0.033262226277448015,0.13908892734657813,0.018249170058830144,-0.16777487516443734,-0.28549407612364663,0.12619351147805957,-0.20554749224761731,0.0320039164953404,-0.2728186486535895,-0.14492640102955523,-0.21155129991954577,-0.17638994694342497,0.01257697382005507,0.04344075737947131,-0.08158462890762175,-0.17792848560417318,0.0152758386683014,0.04338578418217359,0.075932338621789,0.18710365434082604,0.31589573187046444,-0.20389722950363715,0.17065439929657422,-0.071604726683581,-0.2394119942426724,0.1977337433694668,0.07557821890297087,-0.06467625252946063,-0.06085191609141577,0.09863765158670712,-0.30530755932863574,0.16008222988974402,0.1899355803870587
HALLMARK_ANGIOGENESIS,-0.23168927690954977,0.0385026972504704,0.044191395884314755,-0.0026114924423162322,0.4489773715686386,0.2852726801038599,0.1487715362489046,0.14186831486254114,-0.2149388703472987,0.12142884556834571,0.12545932703986995,-0.12396173342163094,-0.11033678979958825,0.3445132518592235,0.3019525582205145,-0.4352530794514944,0.14729478904188964,0.08727820183089396,-0.18427690242777875,0.4016494791200723,-0.0607117189862211,-0.3293800183202518,-0.2087724681404444,0.07920258207946376,-0.327024288099327,0.21606399457801195,-0.10864545358749202,-0.31365199585769893,-0.10383718065719183,-0.43995319056558985,-0.40002468151538995,0.07209530474195594,0.21478829531077964,0.12699657012234294,0.3840915989708778,-0.34756940125879343,-0.05460827321444994,0.0015990510469428565,-0.005748439263669164,-0.35936486968434034,0.2601703040434615,0.010809005085181567,0.22751816787384793,0.35451838617730086,0.4086455182803867,0.3788647792918406,-0.31478421113739374,0.0886945724946741,-0.4174305307447948,0.08597841684297969,-0.24393017193358263,0.122692956950336,0.38480183306632976,-0.4108554861126859,0.2622335001513936,-0.06104552290433918,0.2018453561853997,0.07464124781482265,-0.249263183213478,0.23072508830575256,-0.22221706222887272,0.11055405312378386,-0.24222442442037573,0.46397774743874026,0.06242469281316762,0.09118301670587933,-0.16651808170636007,-0.021525422834648034,-0.19716298009990046,-0.13037533425966835,0.0650013311885505,-0.30679752201868676,0.5133920376736972,-0.12184955644671286,0.3923116126451664,-0.28489101249279436,-0.21239947182164554,-0.16548108988577953,0.1666941520362954,-0.42021794792353373,0.11885765680389249,0.21292795680304555,-0.01500038069895454,-0.10922278665417973,0.011913254332525158,-0.054825220750676334
HALLMARK_APICAL_JUNCTION,0.020043952186966446,0.18030058383098332,-0.010913057560556272,-0.03436434096362351,0.3322568127864843,0.3007117077058652,-0.20095461939314477,-0.044769313794961046,-0.01940116906121475,0.169091523503005,0.016573718949563165,-0.05175124662373465,-0.2235179436835406,0.10988933735985135,-0.09471867667713454,-0.27650584196974315,0.22676758598000468,0.006903063320822356,-0.2678237309062249,0.16314288204490923,-0.28699035084764035,-0.2341858608834306,-0.19121311561567966,-0.02755249306923019,0.02237354821394999,0.05765388468530269,-0.37966339685651135,-0.1742695927689539,-0.15860628573448504,-0.3032724984003819,-0.20761542165622957,-0.10826734938423155,0.10988422436934109,0.177263487968085,0.07770501320122364,-0.2748670078015197,-0.15806801732674858,-0.24871250173586718,0.07881239314754318,0.25802902336263633,0.15880542103009226,0.020870166610115287,0.08374081347133072,0.22762531728478558,0.3075127504311798,0.08344641617652676,-0.24222991253851264,0.03953147321877962,-0.1713408948764935,0.001110851333517321,-0.07618592000225449,-0.032987509578486535,0.37376710057102613,-0.006613992306279237,0.018800359770768216,0.08082350533623947,0.03503278708230778,-6.327545104314325e-4,0.05027882170010092,-0.02564270514652839,-0.07412135507299186,0.01329139305935123,-0.004779794603695597,0.2671265190315886,0.047565203542826284,0.021654794376422953,-0.37506332333317266,0.12307995408847383,0.1092521312226177,-0.23185498020324205,0.16493189646104855,-0.25150837978252366,0.20003779390899634,-0.16314522317259045,-0.11747832648168843,-0.0717663903268278,-0.024385381364809944,-0.00647442790945818,-0.14275472462624314,-0.11690452817100663,0.16010537979530934,0.31846459611981304,0.08250545310853544,-0.2613515957966833,0.1376271896795972,0.019895698903285547
HALLMARK_APICAL_SURFACE,0.0695353916621202,0.2654417286132551,-0.061452176984157225,-0.1668364015140546,0.30403389463418506,0.391383121896282,0.032347714862028726,0.10751683629570849,-0.27121731716339914,-0.005325878534256201,0.21059527240373377,-0.2581650777714625,-0.37686006084691764,-0.10484492774769155,-0.0966982065321696,-0.14796474921608016,0.02423945725656032,-0.17538215555776115,-0.34735579152921825,-0.03347642187772057,-0.4149189879364623,-0.14993672332518265,-0.3305900376955007,0.021279425518311523,0.27075280879799385,0.02355933344166483,-0.3578274824268293,-0.26141862332671273,-0.29653842137538805,0.06437712863018047,-0.09823702539963636,0.09781342303496743,0.1722661692440881,0.2576320539368762,-0.12007454362751901,0.03297409980850857,-0.1408643626575205,-0.2189717066988084,0.25639765392423175,0.2502648473413298,0.18534511525707925,0.14118705920605787,0.26503709249601415,0.09127428755382438,0.4357332830375088,-0.059283726165866774,-0.19868326481673584,-0.30503690806223327,-0.023361599156422885,-0.013542524750427859,0.025124999175464735,0.07187464243718325,0.3304462996855635,0.16483676464752173,-0.14604487828288548,0.1595573767460764,-0.12089117930133142,-0.296423148460733,0.05522419571864878,0.09237007830285959,0.05825854627826044,-0.14766971523450664,-0.16311854530552028,0.3962610536854807,0.2313109353300452,0.02781759207568754,-0.13143953410572887,-0.10575896195017467,0.15573199353713707,-0.1162790714132213,-0.046140554330897116,0.15627602253566786,0.0967867275996751,-0.2009851962779477,0.008858888059945585,0.095580372622324,-0.10240961618926839,-0.0021500375454835408,-0.058440002397746826,-0.12263673238979014,0.12001560732227912,0.02129264950485718,0.08079969513529042,-0.24271430229364516,0.1909380688788953,0.052945972949920844
HALLMARK_APOPTOSIS,-0.034995219030460184,-0.048024591853569,-0.09904701926706744,-0.12094810541697143,0.4130208635754743,0.19799615112263214,0.0511512384943526,-0.1352154179875726,-0.21747485980445053,0.1486518574584425,-0.01133628088225963,-0.05985966994543429,-0.271998974852848,-0.07240810245644602,-0.3286436376600605,-0.3097824765355995,0.16191369211440287,-0.2573763279313257,-0.11604758040778673,0.21465637727982761,-0.26827761987449633,-0.14443827820136435,0.10745020524144419,0.1302180192723243,0.08224145537344396,-0.007280250638462354,-0.3059852128631356,-0.09591875997734373,0.221808067324535,-0.38000179218025953,-0.400558022231007,-0.03783264506198261,-0.013355509340071015,0.09730041474083223,-0.05847879371945955,0.12656176862895713,-0.08953664813355233,-0.3374852168186997,0.02344819517541291,0.1265533672932786,0.1257432882964048,0.1084987806130131,-0.21362277169389632,0.06965896970491298,0.11304302822314982,0.24673252329503015,-0.18972664362544875,-0.37815829307121795,-0.16510657335761092,0.19119635700999632,-0.09414392436039642,-0.1839042407521461,0.3015708634343458,-0.17815133901625138,0.031467844967521946,0.12926581711331586,0.13946610334997195,0.07240880512504977,0.011127363173865146,0.2045397211066407,-0.052030928272088106,-0.08514402223667254,-0.07624614142546689,0.16366880690363406,0.13799153330148484,0.20321018548511544,-0.28965380607851565,0.1572164300085913,-0.11518470751877835,-0.08298310539592124,-0.0035900469594867257,-0.10251426313180967,0.04052819965421456,-0.08816613099354209,-0.1650742586812727,-0.02665301805838055,0.05215276551944331,-0.08080250376112286,0.09953542337964177,-0.020211256974221936,0.02197763967928973,0.19906110798183219,0.16746152387086544,-0.39465011297558283,0.14150724603854903,0.17623461958342984
HALLMARK_BILE_ACID_METABOLISM,0.28013339357265293,-0.18050144356745923,0.08275095965796292,0.03755654947224801,0.328314707905635,-0.2068959022549795,0.05430048582185509,0.16526196506898067,-0.3425098887807925,-0.05466912890375536,0.2725653027667161,-0.07901859553100088,0.148673197238611,-0.039817423857300166,-0.06851505065253083,0.16437366402657777,0.12243857911257033,0.20098919511744745,-0.19868566266892043,-0.23298808903750998,-0.31902012377888667,0.16840745762439133,0.1724221411303043,0.019070423557687205,-0.01168035551327426,-0.10760292669183047,-0.08807452628381668,-0.24404114955779058,0.1618592186456859,-0.06480406971378436,0.07749633804670503,0.3550148322395711,-0.019488424949696687,-0.16771512989574852,0.07724408750083553,0.16010111443580227,0.23927359928332964,-0.1948009164057623,-0.08892841735584897,-0.3364958821837457,-0.10877129236057481,0.08604441361733356,-0.10268793295110629,-0.30494463372273306,-0.04148807503885543,0.03200678672039364,0.17559865772783206,-0.16747842145831016,-0.19991870192266123,-0.06920490678595254,0.19789720079224216,-0.08383983835748426,-0.1493956851750372,0.20196774770235193,0.03436005973341755,-0.26915232619822377,0.045931987970647625,-0.1440503395364226,0.3231124990846354,0.145984071123888,0.33632947060925267,0.0032406244331516787,0.12892311535716447,-0.08881817637406528,0.07268433748715059,0.1800364082192118,0.08692240711543409,-0.2946714529893884,-0.051128850653711755,0.31821981317613784,-0.22257752156347554,0.24294725272465484,-0.007733268734557819,0.22046425641201467,-0.1800893420501522,-0.020477174271549714,0.24725589611665932,-0.13122253755294933,-0.2606986889258648,0.14911035557286828,-0.05027167714580161,-0.10472328749540205,0.2450418469993122,-0.10179828860323792,-0.15416696100848976,-0.051009321659731766
HALLMARK_CHOLESTEROL_HOMEOSTASIS,0.018948628151337077,-0.2550762320250492,0.427407134263752,-0.06832662822284624,0.3965341765984743,-0.19876042145760986,0.14500082404170667,0.06577184574836925,-0.30166437277168917,0.15207794903609284,0.219359684827035,-0.1898114794602801,-0.3269162633166109,-0.023118181252897246,-0.3183743667318759,0.009864205649455449,0.07372965139574111,-0.34013031061129817,-0.03668084753974743,-0.35271201127345375,-0.522972026151428,0.23344574450145023,-0.005936573471887807,0.4596791298348514,0.04946929592220245,-0.43439571522342335,-0.3092052287011522,-0.16233029122204778,-0.10672361317968465,0.028949674365887745,-0.008627695834230537,0.14710584554687695,-0.20864074280126232,-0.027974912637279276,0.13222605574063517,0.3028966840002272,0.2140007387722258,-0.49255855534806736,0.22208623096853913,-0.28788413272310837,-0.330325412592952,0.18395865155110225,-0.03557258416298131,-0.4206168937776787,0.11461188049269638,0.2082263705676453,0.19455674027578673,-0.42800578741704975,0.015392142453465901,0.24334879927174502,-0.18644447007331694,-0.18650425548140903,0.09453293228100185,0.17876995022435715,0.3570778847299658,-0.449895958186439,-0.13130251550484145,-0.31783048998794544,0.3478333165108684,0.2948841746381501,-0.12279279138081392,-0.31063142725888465,0.013691111565931668,-0.17551998243881128,-0.06072973386962305,0.1798046714840389,-0.3015038685507254,-0.30692840812321853,-0.3772124970556662,0.42277544286862634,0.060376262603970166,0.37244297620411093,0.0640879622076865,-0.055507643029975795,-0.3562953851290988,0.31626131418657444,-0.3282032989422765,-0.39463606038288646,-0.09755079583865808,0.20690587904173002,0.35874389685974595,-0.007230269433328801,0.44405999715910666,-0.24578008280172853,0.40467506728628677,-0.0314787261991592
HALLMARK_COAGULATION,-0.013825453455884124,0.05264962262502282,-0.15680365823012507,-0.1336306689558221,0.44993072498890624,0.2747569393244581,-0.1633641984694467,0.16380744938662442,-0.29254670401191946,0.25541452180205176,0.21989885158772415,-0.11194676543533971,-0.06393700225714505,0.16677401715765983,-0.16483554781885673,-0.3018673833410557,0.3270484959928916,0.045843785248294966,-0.20474797423997504,0.04627130284912065,-0.30439461922195926,-0.07971974034590837,-0.07557438876432884,0.16087233047624977,-0.21062022934732072,0.31458482287782835,-0.1318692573639958,-0.368113309758532,-0.1625038617125681,-0.3729387796502738,-0.3918251217847831,0.17632053166871764,0.12101716467324944,0.33797384626147897,0.23944588230871355,-0.254071152775987,0.14271997841996523,-0.333017802342111,0.012955302044241612,-0.08097183815000106,0.09458607649025086,0.09909747240320421,0.1862900565824297,0.05802413757567859,0.3953632535726415,0.28229909165461275,-0.27685021920424246,-0.19020409143553796,-0.22951590354307846,0.06726458341766028,-0.057859205642049494,-0.03857994137201448,0.3587202707616813,-0.2455602968272292,-0.08230578820561965,-0.05052118635051911,0.13103902488597075,-0.009541672425311842,0.12276018657456991,0.3345450110060013,-0.03231591490285879,0.053637958146941556,-0.02042542766466829,0.3389473675552177,0.20132409769580994,-0.08872254769172588,-0.1520274868868597,-7.146029501191031e-4,-0.11304915927650144,-0.029291286899715246,0.1704597088414162,-0.271678861763544,0.3192708201574362,0.005241007689227473,-0.07886251351860335,-0.20774023754672502,0.05705803088772293,-0.1266937231418918,-0.1116184768487819,-0.12737356679513162,0.07089340710684605,0.21886425212674754,0.33199061862041684,-0.3173505969030186,0.12306535243290528,0.12564540646141714
HALLMARK_COMPLEMENT,-0.07547183646579494,-0.029566631970151802,-0.12152550103364962,-0.1346697693195314,0.3981188111356976,0.28078908630388083,-0.038285070669306476,-0.01329690703903974,-0.19890189418870904,0.24898163084426556,0.12679742728447804,0.015104834057772881,-0.13735021151449014,0.09182593268561909,-0.23646930094897362,-0.30404832336823445,0.1985384692629466,-0.15257220898223545,-0.17123064439529223,0.06453629965107557,-0.24303589643562956,-0.17433692923512145,-0.01891085093931122,0.2824022774813473,-0.06514553749260404,0.14754354964495742,-0.2343103161654557,-0.19373954725890127,0.026510992795724775,-0.22750037804650977,-0.385298176448145,0.0024575123426512913,0.01647074732204218,0.219949482436824,0.011980312161000845,0.08758087673906353,-0.09461544819504397,-0.2922613316255565,0.00717440016847401,0.09751768556348506,-0.057781695409032885,0.155798341623808,0.03652842809651016,-0.06725970690119237,0.15388922898962282,0.3297204794723454,-0.14108440340181685,-0.3304442011360482,-0.26327893234586286,0.19144047601836628,-0.06829056150296636,-0.20372976569404702,0.3737539762568525,-0.24778733335640804,0.019583298113906883,0.1377077668487474,0.10217311094463441,-0.0670819345946361,0.11036604948508802,0.1807021875080531,0.052582863727732965,-0.013541252960496464,-0.17635588988340392,0.27197651160998976,0.252920776141805,0.008520178937646367,-0.13879347936356104,0.008203784118732904,-0.17684056761132727,-0.08542818638754718,0.020215510527514247,-0.03792714647604897,0.21505900079133572,0.06231274276527066,-0.07167980518698802,-0.16981820873514536,-0.00939714152322979,-0.14224709093351895,0.009050479519970317,-0.25444758035882364,0.11337852956920952,0.1796993183949671,0.2665747335504321,-0.3550638031892299,0.2297345717713295,0.2739169673453977
HALLMARK_DNA_REPAIR,-0.10637720601950906,-0.1124944334737645,-0.06114412183057466,0.2605916698875778,-0.34226726249846967,-0.29115480492017537,0.08926107592028659,-0.10941244810883133,0.31770058519285627,-0.033843342255239106,-0.2280233559295865,-0.2384334326048793,0.042545685121077426,-0.036575179510499045,0.029033823209445697,0.13100688416526765,-0.3559515010446654,-0.3951329558164285,0.07992350248422966,-0.1998961575255469,0.17688167300212765,0.13653831430758723,0.16559909728478056,0.11227557090192158,0.1851297733272762,0.14554550817187084,-0.00957284163832045,0.3578718883486099,0.05254004808967447,-0.11526301261074096,0.004387395069444799,-0.1708618575413476,-0.21838102888862046,-0.3184635474856232,-0.2723564578729423,-0.021630352253629304,0.026758753758889336,0.3163469440248669,-0.23567202193229675,0.16970080150592587,-0.11580860505952206,-0.2923762597822928,-0.315691486264026,0.12401085278228144,-0.26003890906923177,-0.07597778518969106,0.12014213628059334,0.08853744845716016,-0.07147785142667329,0.2796189104621918,-0.3340228812654163,-0.21011325699029157,-0.18406757960512204,-0.17494815459878896,-0.2631296412329768,0.16634287249214846,-0.005815937832142737,-0.11382829601382324,0.07911092576667977,0.07952779804473187,-0.07218835226499848,-0.14251615144116606,-0.15696010146423517,-0.40938584105726833,-0.1912087523280745,0.005459534163664959,0.017996333098076578,0.08634202394641491,-0.11672228470489376,-0.10274493139146759,-0.11335062400750634,0.1887878913831385,-0.13581535030300923,-0.2267200110033078,-0.21834126929934183,0.06725728307405654,-0.027035702125370042,-0.13690570911269878,-0.11546901342377489,0.08546969159943868,-0.07061442077589863,0.3367528578967268,-0.061825600698653754,0.1636825957329181,-0.0011041779172513422,-0.05325296385369538
HALLMARK_E2F_TARGETS,0.28022155296929124,0.35946391343470147,-0.21550980623602367,0.41345058418434666,-0.6216043027825211,-0.21196167551443051,0.11854123353907586,-0.20567327195332763,0.5744183000016735,-0.3276097263508907,-0.4044705588880509,-0.5235784746571819,-0.14002986416545637,0.4022305073227816,0.4588079137914996,0.500169146629347,-0.5818612349410057,-0.7232735581460003,0.26185377678953825,0.0970329831204963,0.17751970881642193,0.1965378008981808,0.3228088789518163,0.2701872082443993,0.3418064025054255,0.3714867225514129,0.011895984755342953,0.6689784050859137,-0.3326544695931789,0.2121492961001813,0.4831926644904614,-0.3216900227445086,-0.5176444317324473,-0.5754059289548413,-0.5449611049640037,0.09278228151435491,-0.23839829585539088,0.5659005412410839,0.08696247423030867,0.43999404445823165,-0.22961352534904178,-0.6205839804373472,-0.5339955561655965,0.2884033447712248,-0.38562151768960967,-0.30053875162017807,0.4107632128859903,0.188242393886436,0.006904898366891676,0.4598571445877383,-0.20673201473282532,-0.3059271470164309,-0.44338676004414707,-0.17759982372018684,-0.508284244772605,0.3101839411774134,0.13980431199016446,-0.06325805331764975,0.12896353002234684,-0.024206577712563376,-0.32982203790813985,-0.25857280788123604,-0.31135118192249067,-0.5078867368071798,-0.5444521849766081,0.1503796541313025,0.4165350633895624,0.3396322307361124,-0.28555051206066384,-0.4152660193493583,0.21020262940064827,0.4923406616681559,0.0116888107288729,-0.38634721887355533,0.36006737036772785,0.2878022217929542,-0.03653647981116148,-0.16109520320992587,-0.5214417893185687,0.1605086014065401,-0.5166232075327629,0.22136623765485147,-0.04901180124934118,0.4284451974113958,0.34501493678065365,0.16324159012013437
HALLMARK_EPITHELIAL_MESENCHYMAL_TRANSITION,-0.1423073497485795,0.24060895343480265,-0.06313129424002917,-0.31851610275577547,0.3516245964638616,0.4169160882532963,-0.2794150005099128,0.22741888998690213,-0.2291848559516584,0.22687019879463677,0.09081896517643329,0.1309326291363877,-0.28924762999989884,0.08044064277597845,0.05152705210504949,-0.4758072057640341,0.316829739084148,-0.015275702613752995,-0.334598203337331,0.22466700925337907,-0.16809040387254232,-0.37667911186174496,-0.30522332731145635,-0.06518432137483357,-0.13425894088034834,0.46824318238660134,-0.2588923236000962,-0.3642801083751923,-0.21478478058467607,-0.4839970881360562,-0.51051190812017,0.11569362049281995,0.17024980121172062,0.23131736026420144,0.08033338766287615,-0.4396864358573844,-0.048901258054897256,-0.28556995789239514,0.041228281852440096,-0.06291548069959779,0.24286283854875235,-0.04504914213923031,0.19312156226073374,0.3617394949605408,0.47560076889023567,0.2523796618856487,-0.40458593283449595,0.1363473453043677,-0.407138782803026,0.0095245902926131,-0.3831485110649109,0.08254572465371462,0.5028769216108786,-0.39419096485809674,-0.014892380831344726,-0.18539047427075972,0.29218715272110923,0.2905965915303937,-0.2816893585639711,0.3314155250212474,-0.35851593402862764,-0.1887874794104159,-0.35255621323865843,0.5077790992223276,-0.01781213796642353,-0.007780947661160692,-0.2658545799114622,0.19690850707518193,-0.23114738175464505,-0.13849692405270647,0.34857039127495243,-0.3562824092120218,0.38155067936631476,-0.22095803515214613,0.08569404808810435,-0.05124879131981269,0.24156455703959195,-0.12537699723502096,-0.05888374522125281,-0.2379116406651567,0.2313833344471442,0.5922541774214168,0.2646663480049355,-0.17349248320713107,-0.08142684799722699,0.18800193667359782
HALLMARK_ESTROGEN_RESPONSE_EARLY,0.0968886869433232,0.01743790450485483,-0.03586228716328266,-0.11714465548593359,0.3907101046214418,0.17832912060238998,0.04118145556749009,0.09991260497165963,-0.12651638216466232,0.08063430596466414,0.1435291055022992,0.05991504109811027,-0.24487525527795267,0.033544773659265004,-0.3265494171483717,-0.3766259295253748,0.09520210156065767,-0.06700133907892908,-0.09578348018965571,-0.02646787382817334,-0.45746509325684437,-0.001845952776990123,-0.1491516778374768,0.15450476265836982,0.06641295190453145,-0.07222938985766386,-0.3469871231531588,-0.09526909898815594,0.22120494231226767,-0.3045392261679365,-0.2126036094104244,0.04430502551755819,-0.007764852549516255,0.13185337381379714,-0.015496178761697094,0.1482971146538853,0.09780334814404212,-0.39635271177879705,0.12187604416085021,0.0029466895465892207,0.15837950377886312,0.28904908407816254,-0.19947277533973792,-0.07574794455336281,0.12884132885030491,-0.027735509488767518,-0.1369676932953292,-0.45165525280878516,-0.2181957831534623,0.09338938036453714,-0.029415360348378328,-0.059627417265784466,0.07839400894863885,0.007688278361826839,0.22932931856796301,-0.10266361578602864,0.04771940523643681,-0.03979818322503026,0.051966840043805584,0.0880253369904127,0.1386771983986522,-0.1511565821240422,-0.05608303132099379,0.3193410216003117,0.2412430436562597,0.09826633056021222,-0.1473916213161042,-0.07979694462988857,0.10238464093969313,0.08414910050702956,-0.08273169913092471,-0.08048928565294663,0.08016694622253429,-7.324392418681103e-4,0.014794508128508105,0.06370066554582013,0.06369982394932872,-0.06164067367233156,-0.019805751000428445,0.06065003102310468,0.1424089300147517,-0.2850182570600509,0.17681885658139923,-0.3451279443539735,0.18534872733389307,-0.0569230679764553
HALLMARK_ESTROGEN_RESPONSE_LATE,0.13893005630091487,0.06257860112808664,0.04108902014631571,-0.06333014395779019,0.403894682779699,0.07604382926516023,0.14828142697130542,0.114322713019854,-0.15369422610906266,0.0164332130323816,0.1629687668763149,-0.13984017632034368,-0.23022854126462816,-0.11928434556468709,-0.23664050820289187,-0.20797868518355273,0.09056019284925212,-0.06596848209942702,-0.01796260419498788,0.014651938295991929,-0.44460668994787633,0.1690928182054039,-0.06792057093986303,0.16486536605636212,-0.09554133286647934,0.07499744841880684,-0.2425854955897347,-0.0648500214890324,0.13988441010208913,-0.2706644712112832,-0.06028327673216255,0.16029120837654726,-0.03961718245294221,0.05054958978558144,-0.03434233631288541,0.16277329974310284,0.1938792902396308,-0.28750141429333087,0.22949619149537392,-0.17814563505382242,0.2040194695881894,0.11186923232540724,-0.2615151118900589,-0.09880220779110135,0.16310822077786935,-0.0026088420836118953,-0.013195901134985255,-0.4669930701510509,-0.16159119002808175,0.1393147651931091,0.06200494019970937,0.006182309741252445,-0.04341729247349041,-0.037702288803302286,0.06247889110556154,-0.0664199072210136,0.24163976869250253,-0.14308359440329615,0.10766163124510147,0.31434159968525754,-0.006752996198233718,-0.09712151200382424,0.057879018052425346,0.25576347416885126,0.14152074122390101,0.13231689472117625,-0.0027735407300809867,-0.10878402350384242,-0.14072774992090425,0.08331763782522725,-0.1578478214495157,0.07971607768777819,-0.006971846536200699,-1.8908573196774192e-4,0.0022262533511891724,0.0496172758168065,0.058678903215388656,-0.11561679419178202,-0.2025206352313763,0.08170601425209068,-0.06742867763821314,-0.41257073552853435,0.2820156103324041,-0.38993747055346945,0.3269753275913123,-0.15111139912260405
HALLMARK_FATTY_ACID_METABOLISM,0.2973294856777656,-0.2967636273661585,0.17764406285831014,0.08659016935383904,0.2845042639035043,-0.3771364262950113,0.13104400983692666,0.24592479551844126,-0.19133836888739486,-0.021808769809100487,0.17432033254295132,-0.15961050863569654,-0.24928810924426759,0.10805474375669638,0.043001094374991444,0.08121447840965079,-0.3607188766016785,-0.22314059332340364,-0.1586304483507065,-0.2331128498879707,-0.33218584470397905,0.25692676996206637,0.0843834963591521,0.15428328530154356,-0.0708965006310586,-0.12039336692347752,-0.12328735230949547,0.14199500989746527,0.14277168742592938,-0.06873390475534091,0.16239340596237806,0.3461692445030579,-0.22461471148574266,-0.29644501496868075,-0.3025227003423595,0.2370334411895923,0.3126431779988602,-0.2098369783799255,-0.0945733002525389,-0.364782475104097,-0.13973808154395853,-0.001432076095377044,-0.33837180939245365,-0.4208739994596232,-0.06777128883028213,-0.01738276303134742,0.35545907524742537,-0.37978490021466793,-0.019256737045235867,0.2961662790145549,0.1723614997295773,-0.1376364354618785,-0.3087675203629772,0.1304564038897153,0.18507338448458316,-0.32111308101200997,0.1756024839931446,-0.3144348344990218,0.33619982410880206,0.3815580274438436,0.1969923857865154,-0.15243540742102774,0.10713580610983772,-0.3234711550938453,-0.08762582553529519,0.24197297045572158,0.0924477659725943,-0.1923818034043573,-0.384712935894741,0.3852790047163792,-0.34587139084820945,0.39800251857586666,0.07507396935386051,0.018583350755978112,0.047236265673273214,0.3261391859586678,0.16279808709778698,-0.3674663057537372,-0.31143336463572363,0.29274866145226314,-0.04565178828981881,-0.1859033215651378,0.4547844671904958,-0.029560712512767318,0.2808669820012928,-0.16352123315723763
HALLMARK_G2M_CHECKPOINT,0.23143833049618484,0.39965175594024116,-0.10428203259401114,0.3368968195686672,-0.5543596206287426,-0.0837946284287705,0.09036940732454546,-0.35812248061566676,0.5270623651413704,-0.37171911012089215,-0.2610960407061795,-0.3438524539831781,-0.2752878494016567,0.41730414404701305,0.44076455887827054,0.42150582261357944,-0.4647086791357073,-0.6880413211727076,0.2608864610444103,0.13264284688143807,0.023938258294807918,0.13672331517624703,0.18368848803635152,0.32665211730051485,0.3012226280237057,0.12415079882068991,-0.03266164713157679,0.6118857642897452,-0.306114776230058,0.2096133869298471,0.44088636708410667,-0.35293202996347756,-0.4300154982514966,-0.5479536780207004,-0.43498646608734637,0.2274697213419271,-0.386960500678416,0.45034866460971035,0.18731370219995153,0.40493849579191543,-0.24738961935692533,-0.5422239341875777,-0.43281426175470283,0.381788878345984,-0.4202279242140531,-0.3602796912659981,0.29779742592267344,0.1870478027970992,0.1035583508942266,0.34812249454622407,-0.18476600238595758,-0.23455663822966924,-0.3758260822765752,-0.1302151189129036,-0.4042511248037027,0.1790141113139173,0.04786640447818419,0.034650925026216806,0.05084149878231514,-0.18108870338253075,-0.2542698094591696,-0.2071130443973374,-0.28671243171883964,-0.4721774888407087,-0.5764008518027856,0.014721299296367285,0.32047342834086884,0.2667609745791379,-0.09358458465752076,-0.3875657849488105,0.23952299778201294,0.3462184951849805,-0.10653283231454319,-0.17150491076789082,0.3105252178423342,0.38205235887521755,-0.1499127327423727,-0.02235734639773057,-0.3940522073494325,0.1487159066013507,-0.4876028215498668,0.09496513045874083,-0.20881049916646605,0.3243971621341289,0.3169509677873709,0.19825012413666698
HALLMARK_GLYCOLYSIS,0.1335046018470072,0.030391921444581305,0.12960929847006136,0.024944215427014582,0.06385521764454402,-0.2874421067047379,0.06256825880225053,-0.0853745229774312,0.0026234472940837583,0.043711114537149404,-0.06340675061172443,-0.22626530989616428,-0.14538217372370307,0.058603497201313026,-0.038123694880477954,0.009285768402902711,-0.25538038154631826,-0.23040326937254152,0.05525018488319561,-0.07641903599695715,-0.3577615028966652,0.1343070189863071,0.035858031186988604,0.0970189835782331,-0.035250136900357276,0.04145940434923326,-0.22537989367467465,0.11472525816175894,0.07096418510769015,-0.08736053159975407,-0.11992715041955138,-0.017171999612963784,-0.12244454616584025,-0.1903220395182374,-0.02621897657446437,0.0592431282783904,-0.031291732406055844,-0.114313555542923,0.014798784557757072,-0.05998880372139645,-0.04812330843321433,-0.008638598940540837,-0.14988455644317183,-0.13029077404357992,-0.1432911621495846,0.06602326207990866,0.12648451473782152,-0.2974931220021044,-0.16936231808092939,0.22027654246143008,-0.04648470602659599,-0.0693154298276066,-0.05429183611261501,0.057394958179291605,0.11344411357678721,-0.037393089751100006,-0.0039813276455109015,-0.08457091995936306,0.21595884779857227,0.28096099378862704,0.056169454449109146,-0.28308244950434713,-0.005956966084552429,-0.23825141775137637,-0.03545754026681633,0.1447875598287635,-0.07956690080153817,-0.1374506011182272,-0.26649721447616614,0.014531728095723284,-0.0959492306076703,0.29564232766485415,-0.09123003461665533,0.012216546595177291,-0.24549643695597714,0.13094854442860765,0.004768071871607549,-0.17259958430115416,-0.04234497248967051,0.20292989207727136,0.09950217837074515,0.10382193140912038,0.2715399714969608,-0.18138996661733076,0.1060313516581024,0.07985363439514515
HALLMARK_HEDGEHOG_SIGNALING,-0.0649630208795562,0.007435119642807436,-0.35894029873802324,-0.13255014511133748,0.2533346093593795,0.20788615689160228,-0.2949737777806948,-0.09158592539371058,-0.404132231191806,0.0135385135307578,0.1726286378280416,0.3064512856149352,-0.07566339686044146,0.11949189942365218,0.03796607723376125,-0.33802466684792065,-0.0783815565040612,0.012789236463920606,0.10032472688662025,0.1611537452383207,-0.3945856752460468,-0.20118166507293944,-0.3398130743719864,-0.3038385259168217,-0.07297957874286895,0.08340719449810563,-0.08713671148332343,-0.36908841539293086,0.09255279995376653,-0.276916064973282,-0.4386817366829868,-0.3060666364655108,0.16036440950847028,0.24014137627195453,0.29541776753948396,-0.08750177958509753,-0.1030647585708139,0.04662807344308728,-0.07110456998826753,-0.10159367046038814,0.016433383437433502,0.426939156323548,0.23716684748910946,0.2923473865848616,0.25028594322247505,-0.07133034487890333,-0.5679526297549459,0.09653737363038695,-0.062300016553125115,-0.2329737534370453,-0.04297780607847401,0.34151582012289683,0.07712139870778417,-0.35915590452551527,0.045670386051391315,0.10276817243708614,-0.19836271971108527,0.22220133444885157,0.010526004446824111,-0.2989775703056718,0.1533191356811337,0.032030801559847166,-0.07768719545346492,0.3111147168781564,-0.14678117690199377,-0.1954060498277823,0.08575526459711336,0.2529983394862573,0.2109682639962981,-0.09060536874349362,-0.04642550443186799,0.16186662653757417,0.11458303886697224,0.2024580535097657,0.22206489812238084,-0.17233474439884597,0.19061283564304465,0.006997057580715782,0.1451522913867478,-0.12742606051942015,0.08404857127342807,0.25884235897489893,-0.026734716331595937,0.07063432125389041,-0.022239210466548948,-0.16615486389129366
HALLMARK_HEME_METABOLISM,0.03941999921599473,-0.02269302205718715,0.1251114361528599,-0.1331909573283139,0.16405640124070128,-0.048475792441990684,-0.040086273566588476,-0.10389218531288094,-0.07201309889685753,0.09834431507542049,-0.06039297833746948,0.005768636954932405,-0.022557885119849574,0.054023571117900404,-0.1191120869011622,-0.185841746492207,0.04423975092143925,-0.11339873023929745,-0.0112786002227806,0.0720653802326271,-0.31002876587562345,0.0036022150392291397,0.1592444479731982,0.04979011688380314,0.11662041400567627,-0.20561128514488689,-0.17382498696201,0.04263458655099228,0.14244872205802103,0.0055019920460540606,-0.0896110999108487,-0.0688597948324145,-0.1812429658535508,-0.12772716909593426,0.11933468304714978,0.059508497802964716,-0.19814281096524297,-0.19484332059004542,-0.13913469518895594,-0.047020061631129234,-0.1660510957052476,0.14996377542594186,0.00925725909643843,-0.09091489439174921,-0.2328740932903631,0.14035555021135548,-0.11054165194021576,-0.2460621798863852,-0.09549554979916935,0.20508636511640893,0.05715236577571947,0.02913918184089595,0.029773517441013198,0.11458041838713573,0.15944769087343785,-0.09220272507895433,-0.09082831210130293,0.00987180598452736,-0.048363672232205696,-0.06645537689377645,0.1354689507526875,-0.15039147891845375,-0.10132635532269085,-0.22524879932852684,-0.10623588780464152,-0.07022804723311865,-0.1191470980910675,0.06334132284244356,-0.021686293253387723,0.0747237879382116,-0.0604015652413859,-0.008261515169758427,-0.1445413795354498,-0.009806468381303418,-0.11732858112977013,0.04535536072593377,-0.09324377915220067,0.09358610789697441,0.18339612335126854,2.921806288685991e-4,0.0962218315286637,0.04551902895692722,-0.0863211979502862,-0.009534266163145927,-0.11657587513894119,0.02596002203034467
HALLMARK_HYPOXIA,-0.1920080935425272,-0.058290643647677054,0.05148443053016466,-0.18801340701514624,0.29137575647603736,0.13389646407374828,-0.016433810420705908,-0.06573534701994271,-0.15696894654242818,0.11864699771870657,-0.03572096186705914,-0.03527121340776421,-0.055388013421392046,-0.0746006042743117,-0.1934191645000138,-0.3998298574412088,0.0484790753717827,-0.07489270018391164,0.030317241753301638,0.047672222396256514,-0.31436232252450663,-0.2654050365958233,-0.056606805949482114,0.05296048941709619,0.0383283791692029,0.0852334514407021,-0.2531530081140766,-0.045796428906430264,-0.012573823832327607,-0.23975423352823572,-0.31073555141967835,-0.108589814833605,-0.1553944906095388,0.21681717412587598,0.28992514446335765,-0.07124084298520089,-0.15585055371699372,-0.33701733885757246,0.05173749818942197,-0.08419217722670252,-0.06137312148916213,0.26920500687915827,0.04559143469198951,-0.11255633806681736,0.1481254428533862,0.24554548649656072,-0.22199719060305062,-0.30053050768513934,-0.331936445600096,0.11918135435736171,-0.10495979266149141,-0.029184596719128375,0.2795853321268498,0.0871360141406228,0.20373266684465896,-0.1541810641486644,0.0889897624958777,0.012491216668594651,-0.08964949201735511,0.27323539691716897,-0.06014135652871225,-0.16088840497160786,-0.29654693988429043,0.24093901480202856,-0.038147364209113244,0.17209300338068145,-0.25748310581639133,0.03704610341499914,-0.24464081039606825,-0.10882333910758099,0.07032357860621419,0.15046041467955487,0.029349065696796045,0.026329866542251223,-0.15667483518519576,-0.12826542011214534,-0.1343323359908989,-0.05919173755728524,0.10260545491306308,-0.016222675323220304,0.2266328991088768,0.22378381215040127,0.36807547307102695,-0.17927172271992217,-0.1353254927522725,0.10403662006766035
HALLMARK_IL2_STAT5_SIGNALING,-0.10888465840179876,-0.0252257099965979,-0.06282360562443429,-0.1380003029872787,0.3626783724348603,0.21441741217265814,-0.0570466435478576,0.08549163783842595,-0.08915210595352649,0.1652113201820573,0.12473569778751858,-0.10921378750132194,-0.1448463164756735,0.014822070412253807,-0.30014939936569973,-0.3442125664103205,0.13160976905850325,-0.1662662775755196,-0.14884788703082297,0.12576481339550383,-0.2138092076917018,-0.11331619355958011,-0.18911830287871564,0.04654134260385179,0.03165402619708635,0.16628234307426498,-0.16569149156173724,-0.2292954134201119,0.1255257280869955,-0.2623077193554911,-0.32548282260620803,-0.06357500905876731,-0.022260746917391327,0.19263186212562455,-0.06796895386545354,0.05712911404958157,0.03879735672748583,-0.26428125120940915,0.231091681337232,-0.16851274368471889,0.08512542814559515,0.24105756329523104,-0.04103637183871919,0.026746391875609732,0.2422091716111353,0.2519707713420388,-0.20593244778515252,-0.2692640282183869,-0.21637409567056337,0.13248165421588365,-0.1245200582187519,-0.1272918300943785,0.17195980548823336,0.00326645465894454,0.05998893807183778,0.04749871157180369,0.05362369257397537,-0.08164604834487071,0.053298049717217244,0.2411552320529483,0.03141600859377816,0.0154288950429958,-0.14116260257856283,0.2933513966707169,0.1879983283799505,0.1353747365016092,-0.17044700201593477,0.013083326122176164,-0.08627209518573811,-0.050274125808637105,0.03764618228578315,-0.1370654325763736,0.17099822840560697,0.07276748195359223,-0.13555148236588047,-0.07525280091986636,-0.029234185434032084,-0.23812109532582632,0.09916058786115214,-0.1676823336279481,0.11215122818585349,0.074594267741587,0.28510352927223254,-0.3014733977282791,0.11595125493937991,0.15738913955735187
HALLMARK_IL6_JAK_STAT3_SIGNALING,-0.07222878237782257,0.1055175392812846,-0.20308570801162118,-0.23141187836946528,0.5014771605245848,0.3268136346059671,0.126685819305889,0.025565374773969834,-0.36117795842401923,0.32104695038381414,-0.22409409519385692,-0.1332263521944892,-0.32963242122745845,0.030646320049894038,-0.3956497769747629,-0.4478842586611381,0.31108644408861513,0.12431879017859448,-0.2874219585739274,-0.26254501755138293,-0.27753990453103716,-0.0446393139378099,-0.17096019451270952,0.13437381457100256,0.12955715751918756,0.17410262636328216,-0.32739310566639357,-0.3216011882202296,0.2218283662991002,-0.37844469873975095,-0.5208591024697447,-0.015027946779215373,-0.05044300189861456,0.09621287874120532,-0.23390511916898502,0.2885273206709872,0.05196705825295472,-0.485160074815757,0.3663236750535539,0.012111901198216757,0.12359016725505825,0.25693743647916956,0.06047254996090967,0.03213972165921658,0.10491263514053933,0.36895839354585336,-0.3697876838751368,-0.3643291069380393,-0.16675051399879498,-0.027293325415067793,-0.24457023481057402,-0.2632004588684056,0.46675568431035325,-0.2509347763958349,0.13190509073340853,-0.09331998981117637,0.2544818015608532,-0.12717660823780821,0.2012321780921122,0.09419104013504054,0.037520225346138414,0.08414671653753666,-0.14420124872890794,0.44712468358496693,0.3182051347341797,0.2285971512936002,-0.31672019131739604,0.09455713676827843,-0.1969160245277366,0.08444096529877537,0.15398980240800958,-0.22480739971066774,0.32870945880397767,-0.037620524032212804,0.06130444765950438,-0.07734055398850137,0.1968817183786144,-0.09956081459308777,0.084694176665746,-0.2175102524814932,0.06201171479446835,0.3026792461790449,0.2956938600267933,-0.48867320354423993,0.20419692728265892,0.37376974621960235
HALLMARK_INFLAMMATORY_RESPONSE,-0.09157743553575504,0.07919402354566218,-0.16022791579436257,-0.2552711335576864,0.44470420190586796,0.3778302186417458,0.026767608723610087,0.15910303012692423,-0.14671037732122064,0.24239984360496414,0.05777060065122225,-0.15021221170069535,-0.31185581387993266,-0.1627793858887996,-0.32271155442433563,-0.3263983366971294,0.13122206699859598,0.03850397237797737,-0.24725646546368085,-0.10248611149637249,-0.1868853242243118,-0.1305594882684356,-0.06640879380888895,0.18306186423738113,0.09648442143058522,0.22191378206631168,-0.19397853510524415,-0.3184613645716184,0.21193749436543058,-0.3813390135957483,-0.43298430094027496,-0.05095162583599752,-0.009700063633847122,0.23140364598494212,-0.1125884952311639,0.1588919630456166,0.08334759544804096,-0.4335768013394852,0.23738654274349813,0.1371280446079513,0.1479915927027443,0.3316487148178603,0.06282612726122833,0.01564735253585675,0.2704689972141133,0.3137905773008169,-0.3172268514053192,-0.2777737587108009,-0.15163807640107824,0.039912930221910836,0.01855395855705283,-0.13634068630739504,0.4427776742918185,-0.2547467383361179,0.07923712327399487,-0.055276690362566494,0.21799520398549233,0.010749324338705513,0.14895632947309503,0.25294003013202243,-0.094402490631525,0.04999520457549589,-0.15654222617475405,0.45876196681553993,0.2506562562617586,0.21644579153648247,-0.1281615170503697,0.03221597563661996,-0.22141272774956539,0.025093125505153163,0.11954804405613517,-0.07736112066315859,0.1575667711406119,0.06045392722492626,-0.14016609798300353,-0.18137076989875922,-0.058952382453233726,-0.127969338744305,0.16720498173090564,-0.1382587361659906,0.12021950472454965,0.22711639596493438,0.29948386025346785,-0.39179964741314177,0.2184502715691295,0.4276472135995063
HALLMARK_INTERFERON_ALPHA_RESPONSE,-0.3249205838424821,0.32867431984233936,-0.3484366841164549,-0.39889664578282047,0.42287296093508686,0.651406524236721,0.4738691813571224,-0.045720424514126695,-0.5030244194299048,0.346295816678081,-0.3768084530246749,0.261926721695968,-0.29858196366114487,-0.49334741361747214,-0.4758116248704521,-0.4480046576572353,-0.3300572593296441,0.11320881843415359,-0.41902300367886314,-0.2724260530249266,-0.3189840697807346,-0.48314469307865077,-0.15234403214183861,0.051176501210449976,0.33009575051144,-0.42878896346626233,-0.44933415260884935,-0.3079708885934018,0.3466181992995061,-0.3931202496894445,-0.542980799533033,0.02830433564070925,-0.1411883800337813,0.4904645663847965,-0.5141297592739079,0.6800720871195308,0.04376677654438871,-0.6261798930096469,0.6010187395919564,0.43390262399275703,-0.3286106689744042,0.4123012159080187,-0.5544754263936759,0.019354480298389876,-0.3869558465253398,0.49602142362863333,-0.41311123837356123,-0.5988049527024503,0.33281353435344974,-0.058461524593137,0.18397342933783123,-0.3470333310800317,0.6008727235696327,-0.3666800143059086,0.4101887393449179,0.4059564918498201,-0.06316236739222483,-0.39212266149999875,0.6810100157592611,-0.04164100119015429,0.15311374855478876,0.17359339555566827,-0.278594761506745,0.4171944471259057,0.6289194075341761,0.17095031569972968,-0.39080411799433645,-0.3887024929279589,-0.18465772433793487,0.1446326570571711,-3.843656769052517e-4,0.11022567831652597,-0.17522626377009265,-0.33286734022358216,0.15735662326183714,-0.37369038208488153,0.03672668504437354,0.031063416606244676,-0.3327884030425876,-0.1133499404502511,0.49894966426342696,-0.16263103897815329,0.44288688765489853,-0.5678337875051866,0.4404749333891589,0.5407196784079354
HALLMARK_INTERFERON_GAMMA_RESPONSE,-0.17755614219712076,0.32345891612402755,-0.2979902303296509,-0.31662707378274146,0.37272839274682024,0.5326879668822876,0.3380658303933736,0.02423427678033352,-0.38979814265119256,0.3573103151615837,-0.3463640402023066,0.12538332266123126,-0.13795325923862864,-0.4076874777031807,-0.37382216761423614,-0.4088738718511091,-0.21835302221843317,0.036826193164091414,-0.3946685760054703,-0.19139869822103045,-0.2773940604367159,-0.3599044699306847,-0.20738446382590447,0.14001920298650028,0.25775560036435896,-0.1371176912107812,-0.3900930106485492,-0.25847576121103916,0.23924630952698223,-0.32897109289163373,-0.4841546303385837,-0.011631685464282504,-0.2578908804418359,0.3146786499875638,-0.4047194664079105,0.5135522682941539,0.05773172734044846,-0.49784020771330806,0.4735972718565886,0.348629077187178,-0.12267297712130298,0.2699544062021703,-0.36343132403230544,0.02659329734863325,-0.18370978468686944,0.4588858350844378,-0.3403583094027581,-0.4818670603711748,0.09445251986333092,0.022474270126026874,-0.07602601378341767,-0.2604078478019336,0.5256173524940934,-0.38950915654213786,0.2595946470682023,0.2427361511380794,0.07477044961566898,-0.27143415954285033,0.48693457803037976,0.09714140876187899,0.13335304550061988,0.13636706834315265,-0.25407768515187823,0.37676959014017575,0.4947561230872702,0.2211619844426868,-0.3279257577252414,-0.20196492278553996,-0.17393045303512844,0.16702079329519015,0.1048634822274031,0.027268799545906275,0.03171864371154695,-0.37219825194492656,0.05376057424876812,-0.23089832233772123,0.10132448846146519,-0.08291105333796286,-0.13841962219777637,-0.15606919948114367,0.39663358664357273,0.003815958096053007,0.39746081418453094,-0.5124267555874059,0.4232670474950789,0.445738719474285
HALLMARK_KRAS_SIGNALING_DN,0.0376158480155325,0.051876298532628734,0.04788351089025766,-0.051328005946173705,0.28974446091205186,0.3141553535963226,-0.01995488589653474,0.2866622139915321,-0.313670969311257,0.07532814969746832,0.11202076787535417,-0.043296111438796886,0.14518839536828795,-0.07407159428394766,-0.11296150456949139,-0.08118416121154826,0.2120545801853429,0.3046611430972864,-0.023354308324148643,-0.0726167007161882,-0.19176987964097106,-0.05919975547751963,-0.10630006733777084,-0.08085053326306493,-0.1297981799878164,0.21235632543614458,-0.1463477095776908,-0.39660366754195725,-0.07948541614995691,-0.08135060566318106,-0.20032485576624323,0.21447613782651925,0.24303975361719884,0.30856246896811856,0.25439413173255027,-0.08253331245674256,0.19407614089196026,-0.016847093309237005,-0.01102107305211869,-0.09647056036155965,0.165870374003489,0.1502386621151492,0.13549900569090034,0.09575731477377736,0.37268857282696743,-0.03013261595857694,-0.14066260250969526,-0.04895475169884278,-0.028250633621418025,-0.32834932951088924,0.05095247747934534,0.2509818609810569,0.21320456672653804,0.025931618776457,-0.10403882786882543,-0.12421174954105724,0.10087765866464443,-0.05458554439124216,0.036159674584096885,0.1740447125777751,0.1443676693838974,0.10403798537208925,-3.439753117930877e-4,0.36795752409893595,0.20223701647169498,0.11373186382720843,-0.09788844379833966,-0.13858424975162031,0.02712397481339404,0.07893575832266786,-0.11911938808419403,-0.031023502348039272,0.04492549300470286,-0.04868187809597274,0.011712655080447165,-0.12980867562049953,0.11824807419853817,0.0809333297096646,-0.05693775653442576,-0.07133619551766035,0.05851732329695769,-0.1718447093959533,0.22699109749152901,-0.030804394461958817,0.06810622502266145,-0.10603612435498472
HALLMARK_KRAS_SIGNALING_UP,-0.011359222076327224,-0.11210994193583715,-0.23906531932903727,-0.15450735445709649,0.39472207411383997,0.24420742835576315,-0.2280318742848898,0.21391760899329282,-0.2815173136554897,0.09916123059137388,0.037430186839631174,-0.23637820726698722,-0.009949289272444872,-0.09902980353348115,-0.12957763424294494,-0.33063343400799694,0.08358826891568041,0.07832740132808996,-0.1693933708936995,0.1824272533171863,-0.23977699486945736,-0.17183544721288196,0.045982592984954274,0.20559533839129096,0.03728720201066363,0.30258830163745287,-0.055906218636825544,-0.43535074382034655,0.24825917190214086,-0.393100186477552,-0.42593255818900383,0.12825459959021251,9.871112325516296e-4,0.26482316507258624,-0.008120366482188723,-0.01479469542075687,0.19068493692174537,-0.2783225723838524,0.09911660085189947,0.04341674719377797,0.08359231633047282,0.26994374224859813,-0.12350276137201788,0.15492301763701727,0.3189219670281447,0.30635548119242545,-0.3125980509592549,-0.35354498742797275,-0.2816052132077558,-0.043754252140671884,-0.07066374628574137,-0.11130490309732796,0.3447891609807019,-0.1353959730551283,0.08077502549844928,-0.018923904311922812,0.2693954741570477,-0.11491516581730404,-0.047673571210287674,0.31661420290428166,0.05273494112325211,0.0017024499941116766,-0.007281156575321801,0.3633030913873139,0.2706799969093842,0.17711056553731658,-0.1302186446908898,0.06863448403978875,-0.2586683449651935,0.042321098764704634,0.15185969468626279,-0.05846877404738937,0.060491629148903936,0.2039034138562819,-0.059567912951786706,-0.21548692750008386,0.005901228954128451,-0.26173047782273484,0.14034122731497498,-0.1471023206563593,0.04486737971718985,0.09839205471335666,0.30003774023587565,-0.28654583013167334,0.16544791611185294,0.23969906752757308
HALLMARK_MITOTIC_SPINDLE,-0.03899450238546068,0.3818382109399168,-0.11618240509149452,0.10306991945516814,-0.26468459400668903,0.10341128437381203,-0.313833101262654,-0.4532522197120592,0.3244032555461686,-0.09153420785423139,-0.06796348237209199,0.009509197928047552,-0.260712488310237,0.4234770543991521,0.11742049512929442,0.03294979346574417,-0.14718383583769518,-0.38680804646164957,0.1846322219522451,0.21084215408141133,-0.33126818645730943,-0.22612093801978456,0.11580856240663029,0.1111013491406122,0.35047963406619487,-0.2881237072268418,-0.17644848751987485,0.35165087937021644,-0.2891403443779256,0.12931955539194273,0.2906076643135234,-0.49432998413229756,-0.2672685837771321,-0.2843448784023403,-0.02023758758120564,-0.020630651400636635,-0.555621697801852,0.22948102452423141,0.09280983587350439,0.3859943713537433,-0.046651315760982415,-0.16800913488439567,-0.23439810440500636,0.2227794267163749,-0.33225364872825647,-0.33817710918719424,-0.19139505607660068,-0.030271642488473027,-0.12917409379463818,0.1778450395810724,0.07900779118350815,-0.27006531222106533,-0.0027430332617179864,0.2806697009139753,-0.18807801862615353,0.34281779206875956,-0.24678281780889255,0.09020167424360714,-0.17963531683892067,-0.373293796647756,-0.21016733137838667,-0.019411833105911602,-0.15954151406303752,-0.25568765346374633,-0.3348977730740954,-0.1465576601916379,0.02292413461869186,0.1933708778362752,0.20287261355854513,-0.4496405871572021,0.3900876910960515,-0.20900062414933873,0.0723125727564321,0.012829571178181898,0.09762606415809283,0.37313001387239825,-0.07679439997012844,0.17130223743562517,-0.08272481605023696,0.15573588027109347,-0.25031447077381214,0.05128973105291729,-0.3577698063417547,-0.012148135745966515,0.01577113971360533,0.0906243224117716
HALLMARK_MTORC1_SIGNALING,0.03561457687875447,-0.08004856290073814,0.10453130939263516,0.17795555473366453,-0.005573522892922539,-0.3734607915192006,0.12054607639514231,-0.39731418568164356,0.2772276945470762,-0.13591598745759967,-0.020088401150725188,-0.2659603536041494,-0.11675660824952488,0.3298069240513554,0.16321644726945816,0.19572205515566138,-0.11262442420224794,-0.48399519545709535,0.017596383462615883,-0.05466553103298555,-0.3016847411407006,0.19866471957808102,-0.015691587036629984,0.3669756422008022,0.285974647628138,0.011769750159267706,-0.27641221690879064,0.37023426313549146,0.32170405663098695,-0.2127878511072288,-0.07480892779736362,-0.23749180971835043,-0.3739756601985849,-0.42956403861035636,-0.25299198018139984,0.32641949610352866,-0.07405037796914585,-0.11162368521222632,0.010673324903967996,-0.04261093451382569,-0.2447243420469593,-0.06878914376502604,-0.19560455453149972,-0.338000667651698,-0.29632627176283677,0.2728126917435234,0.2547745115882694,-0.35651999022327713,-0.22304597203065535,0.3913727371539228,-0.19766093588003675,0.016915197544929483,-0.24507646092917126,-0.1663007534441881,0.13078851038980022,-0.24666650027289092,0.15537808940839803,-0.08788037876139268,0.12704312857896233,0.14786413215094543,-0.14491435973474828,-0.1834974158293992,-0.28518331188291557,-0.4123152825608015,-0.17403047682395872,0.14976669999155512,0.0727391365034733,-0.050468079928939424,-0.4146662315847976,0.11294300427967047,-0.02808437004329728,0.4409714901635103,0.17342324358574596,0.1515869081328335,-0.30166682532748734,0.26479008107856283,-0.21301874315224723,-0.36076430377630975,0.08608526433179384,0.06845385836554391,0.037252270663146125,-0.037832646611996534,0.34907397416153135,-0.104086068847247,0.1935008008196089,0.20536075496939432
HALLMARK_MYC_TARGETS_V1,0.19613119343443408,-0.1801325366129338,0.134215669792478,0.38425070441804854,-0.44210994328644526,-0.4503316421265522,0.1866996004319299,-0.11023033038446856,0.5984304666607526,-0.49407774740698157,-0.10274701374503142,-0.38456035001414773,-0.35327271700570784,0.39195625549070917,0.19006890328337933,0.3125885426554741,-0.44664756229462,-0.6531949268530061,0.1820361215715614,-0.04606707193088194,0.08244827570468732,0.39623860925427956,0.15422726604467973,0.4078840075599057,0.13088542726105928,0.3379101656955781,-0.17400464648802513,0.6039072638219706,0.20546494515680735,-0.19432527132358163,0.32467448470931715,-0.13799509959979858,-0.3288308612572326,-0.6021416163199481,-0.56298220238023855,0.29434274329891835,0.14185640716075804,0.5278048326478638,-0.17785799242178302,0.1683547676754285,-0.25441844556387255,-0.13334723111526306,-0.5390175088958779,0.0012038346140617051,-0.44382471752502556,0.00928641809891434,0.44392507379042045,0.10130691753786167,-0.1736959418575073,0.5064310756764908,-0.24858546032264234,-0.04560714542643024,-0.5756118309726042,-0.2649807729623934,0.04888996564287568,-0.2676275689908801,0.2226877684496834,-0.05873241969621795,-0.013767120331944438,0.208457739263183,-0.03148240179006134,-0.16634465817475474,-0.19951036196052802,-0.6380340332862764,-0.3082946673435055,0.2143788294625465,-0.06867600560795409,0.2242377191034749,-0.6079900663535338,-0.06659451583830323,-0.23070651023803893,0.5368398240038836,-0.039373463099781736,0.09865496292441364,0.04883136509798197,0.10867553560997045,-0.21013319284257076,-0.5454677482292349,-0.053944892227544616,0.14857649132536133,-0.09313791373555,-0.08753820657074518,0.30593757144766665,0.34633228265703253,0.3000405825725237,0.23530406186632025
HALLMARK_MYC_TARGETS_V2,0.4166008153810872,0.1102184305679702,0.2709381601491629,0.37838229923445693,-0.5000590303484501,-0.40629074247230684,0.43561270470269897,-0.2166169992966266,0.7409563150740084,-0.6940591323882029,-0.06534853761139026,-0.5064190558449396,-0.5836945332800462,0.4888062825225496,0.016514316982855604,0.6074319011471799,-0.5369661270407451,-0.6390671379311594,-0.058211717764679954,0.13107978962610528,0.2965959353855066,0.5403407762373993,-0.3650621891204967,0.06036000563813923,-0.5096410563665918,0.054016366728833615,-0.36352335945933156,0.6662512547512193,0.002142256089663258,0.026234095140935665,0.4821291429696396,-0.4791042261068189,0.10358871776451539,-0.5130793490164607,-0.609879291527248,0.13278871853978802,0.1455969873739823,0.6191452486074513,0.2543016603973194,0.33566001717973926,-0.11842843195457556,-0.2788915929093486,-0.5965094886888949,0.2309536316307801,-0.24062937833720943,-0.12525936279822858,0.34850667426124576,-0.02080476187465452,0.26335388724917314,0.08141072250650644,0.013945187950809845,-0.1164822081740099,-0.6320232806340154,-0.22282642523107885,-0.07980796876047253,-0.419258553108334,0.49328569953983253,0.4488289947852039,0.328151517607972,0.07069329371751842,-0.34645121169309173,0.07589980981761657,0.26902701594240863,-0.3952603408348329,-0.5088724165576292,0.5168921534365655,0.23786516635609922,-0.20721678425278262,-0.59793944313968606,-0.2168753161177101,0.017353672050454932,0.2635943567137864,0.13654286601689475,-0.5172962619885979,0.3808677501766222,0.48845883616511887,0.08902334189151184,-0.5249581456818924,-0.39503914823466396,0.33107316765447403,-0.07382294856008748,-0.23857265874747227,-0.07050600333258034,0.46743095685907826,0.4478724898851569,0.04240916837281311
HALLMARK_MYOGENESIS,0.02448898731428628,0.009729164435511473,-0.0015979069664832646,-0.1291363162250722,0.3047780035748072,0.316084082117663,-0.17433684973032856,0.1628577831745038,-0.2090050321345148,0.11718366966904847,0.07575204002835573,-0.09342886251315574,-0.09195505300467911,0.04724688146729428,-0.03898344768105158,-0.28823090811612057,0.31196257609181716,0.14863916017884515,-0.04741665550266522,0.25015153516578,-0.24555107353548955,-0.23399305035723741,-0.2645676743012599,-0.13571310435665607,-0.19833937674264257,0.2004274705618918,-0.2298506668631977,-0.3294040707102043,-0.13027114102997311,-0.34067854843849266,-0.17526314123129275,0.035968456400390536,0.2077383129141563,0.2725277904345655,0.19761249714109863,-0.31962947930315555,0.03758486536090025,-0.15619398076390803,0.05017749531367377,-0.09038591805604457,-0.019211948851784816,-0.04911963211128162,0.3610171491990075,0.1519772387992836,0.3444928353497424,0.02004981144320156,-0.09086807489788445,0.07506766412872373,-0.18476733830856287,-0.07685208361592183,-0.01956552475265899,0.20190311578362652,0.33283438577746294,-0.14364035302314143,-0.10264665599490591,-0.01842942490499591,0.034787599074845466,0.08433785882410777,-0.019474277981076593,0.16810725271250332,-0.1295683574404488,-0.029687683514530994,-0.08492511016911042,0.34595413302336675,0.005783904490703706,-0.026059098802362735,-0.20350816900613886,0.07838217058233807,0.15058734978768723,-0.010289813313084317,0.07683160875972306,-0.29503825842174203,0.1808645706104125,-0.20469477720435572,-0.07935198967392237,-0.13471649821803003,0.03353484122887834,0.16335995464901668,-0.2013862295746754,-0.12445073437267129,0.037668465892398695,0.21774016249056632,0.19267605361840395,-0.03653286985393703,0.2347064992014019,-0.02491758214223666
HALLMARK_NOTCH_SIGNALING,0.23099373506648152,0.2252735081791128,-0.10348180142894778,-0.1596364229014353,0.14296478857832712,0.021006430224617956,0.1948531807703337,0.10434619782428689,-0.12522886514870432,0.17148124156487615,0.06430578160850076,-0.23877547971637503,-0.17759488264265716,-0.11656035768423506,-0.2381410985149653,-0.19639277894600765,0.048684994951012917,-0.1602106609826896,-0.27009020882539725,-0.17144909840237466,-0.4952083009231716,0.20630530931617136,-0.16042740283625948,0.09304790292120024,0.15709597511468948,-0.022304881964401196,-0.4639559605503041,-0.3398765650451729,-0.04836332968768203,-0.19912606044598488,-0.038013417717453146,0.023663397302176148,0.1930875832438516,-0.1473827051819236,-0.021809135454925577,0.2391599549159139,0.07178514204387104,-0.3341752957318341,0.31362558691626413,-0.02908671068209384,0.15777154389278725,0.08041471370672448,-0.04190711780648593,0.1310146262687908,-0.017345201654066583,-0.09511049089769827,0.015114499667049475,0.04357588745118235,-0.007207190601057678,-0.1766583965144782,-0.3671328758822957,-0.10173171803834313,0.024309025422938252,0.3135794369178434,-0.07388164404453687,0.301309965613387,-0.07808565778879079,-0.020102979988917857,0.2330571673443072,-0.23515257978842177,0.15694725430408724,-0.2937816094373519,0.02829450294011146,0.05016257960173576,0.17901650730411234,0.03625680639098858,-0.28209603482459034,0.0043157128733896655,0.06568082351546395,-0.1339462622570807,-0.05712357383999439,-0.10266600664007991,-0.030920396600945005,0.0750065178130152,-0.05219257910281655,0.35875486325839684,-0.15849503511559113,-0.031659290160178044,0.017907273356908754,-0.045469935882953394,0.18524389938655939,0.01622088856738302,0.0014028979141767761,-0.23524727113952018,0.22825815936319577,-0.17128789629081198
HALLMARK_OXIDATIVE_PHOSPHORYLATION,0.511721212151747,-0.39820797951476006,0.22673823663807452,-0.151827716823906,-0.11913007214161742,-0.5538179583767899,0.275560723314514,0.26212049847962154,-0.08966231637803801,-0.13330839261747698,0.2734031482253052,-0.29219368091114684,0.004873988856436862,0.02217151219505331,-0.13566849591167474,-0.16567754959935577,-0.5084836719702842,-0.48671517063240743,0.10575853523992906,-0.24563690818094813,-0.1448277637533482,0.26790746954231365,-0.04262317017163919,0.2049559155166195,-0.016696503816182068,0.22459409331593766,0.11591524064799152,0.32774615481992647,0.44000265747264694,-0.3081011795593545,0.16572492354207108,0.3657274277553901,-0.24627989652274035,-0.6315755120552188,-0.46746506049288983,0.29667101314149014,0.3265463835870954,0.09190972750276877,-0.24681608000477712,-0.43367400286457486,-0.19123333923504784,-0.30923324090319576,-0.5580114246345528,-0.3713703665715467,-0.45888114071499897,-0.06470670452339822,0.6403334030853268,-0.15557784863458868,-0.3214387238694381,0.4135764778786839,-0.09501389205335459,-0.27842039483933967,-0.48244184046553096,-0.21581062405182683,0.20204059392555046,-0.29637566055908054,0.3725220141191845,-0.48642346809664866,0.3066433887190301,0.4877010468891038,0.21513473526238697,-0.21131778171790533,0.024315675681063187,-0.6030390163713778,0.07590371413227681,0.48928507960419815,0.03501365985232985,-0.08996817955347702,-0.5324164254559024,0.4362169199612386,-0.4211445169274779,0.37330295980416545,-0.10085823897026513,-0.0023143833438056816,0.1300429125694883,0.3546216857290819,0.2629947723495953,-0.2793653564152565,-0.19012911525364387,0.11024224898442281,0.07863012260149027,-0.05240380099514014,0.5298863486612154,-0.05376598191935228,0.18821269671002844,-0.0034745338837336437
HALLMARK_P53_PATHWAY,-0.0021391320990387097,-0.14530836373269007,-0.010079306606999239,-0.11952159656737849,0.4913857898849149,-0.034612743143769525,0.25947198682401906,-0.019428946043147127,-0.14062867748462687,0.10149653949209259,0.004562610565343572,-0.013803023741811082,-0.2705113245583667,-0.2832321601696276,-0.3755935050352484,-0.22656690211454125,-0.04842399473554193,-0.0168965764178845,-0.2139549620026685,0.027691913964515286,-0.2594924660550789,-0.040938822094265026,0.16239629882720974,0.00732320404160286,-0.027727236290521762,-0.053628001126392544,-0.23760568698656223,-0.33953611228346314,0.1368132878262472,-0.3037978998669029,-0.11200517082064315,0.055437088059100775,-0.14043956229905616,0.046965104604514585,-0.10779800632789616,0.05035292816819548,0.21828427793522587,-0.28359552038258956,0.011493533144083024,-0.10353222600141732,0.16313802287232615,0.06551193582463721,-0.3044398557148774,-0.1003024644604201,-0.024437520433296,0.02411030969468292,0.2446253483867351,-0.3594906996543767,-0.10182477571091131,0.04117087013147991,-0.0913106033244423,0.07502148797058847,0.07492450490757685,-0.1385064267180305,0.38113264546541403,-0.019625342751497132,0.05781238154889595,0.1529686470358962,-0.07559187501355907,0.03797801131911105,-0.042045828850885425,-0.03133479367159753,0.23060478871106838,0.08293501615962656,0.14078917780592493,0.01152054954524051,-0.25788902882502196,-0.0055095413983012875,0.11699757578002057,-0.021016779982462153,0.09063444702286227,-0.04286963823822337,-0.17002175726963564,-0.09123668574673979,0.04498730252641647,0.11239388026274089,-0.08657751357959853,-0.19147929687145177,-0.03934749768253534,0.11625312972511198,0.04260024356875203,0.022472993319519213,0.05858317491644344,-0.42389874419520335,-0.13491786684055346,-0.11878996081002302
HALLMARK_PANCREAS_BETA_CELLS,0.3136753006700724,-0.3904056135289756,-0.2133645545334362,0.12417852652107153,0.19604349681496563,0.03313573674352113,-0.29778175367867743,0.4865510359821632,-0.36513101591695357,-0.2668208109420129,0.2325509249360988,-0.2568939609123124,0.44434568143383935,-0.129776799944334,0.3877013873901471,-0.34220277480645217,0.18192352259559672,0.1772358719943381,0.6201654847026975,-0.02544541631595254,-0.27779950033730255,0.09489628007391154,0.32582821325554984,-0.052090809124935966,-0.11110100878772727,0.3636340124540212,-0.061801133857648155,-0.2947782875051389,0.41963534781858247,-0.2463484808603974,-0.498511690902363,0.47954451678109267,0.33468561691436877,0.08377897731493628,0.2024376523663306,0.06758006152548779,0.2940960431706316,-0.13926295454651477,0.09748446031116537,-0.22528086457173227,-0.32504098199832454,0.18379616971788493,-0.060901148590974924,-0.08448839744220585,0.32121983586517894,0.3248079132133649,0.0426093582700354,0.07138671642800715,-0.4869876366315834,-0.2601099868196141,-0.08396591932187418,-0.03249145660381464,0.0506432722824017,-0.1013354135489587,0.19361789381580619,-0.18178500558900906,0.4623712722456684,-0.32990819142409156,0.23908100120442316,0.3941563265590152,0.33710657326132737,-0.00912530134182915,0.1797885065318966,0.17039823882720145,0.06656264505239665,0.1424800113352403,-0.08944244148321828,-0.09502783109032761,-0.22143237325618007,0.3095391102375495,-0.2419415348741747,0.31203867374244343,-0.09458361231845482,0.4194088381231041,-0.12266563748843856,-0.5507486092748214,0.16547591628159014,-0.3556218232479114,-0.028850581893933136,-0.01687326893632224,-0.04949200173379889,0.010403423080964036,0.45710558450071936,-0.07694653560019604,0.18668950897233783,0.062153634620357695
HALLMARK_PEROXISOME,0.1792298659632956,-0.27335368642921104,0.05449656266737565,0.09264858885999339,0.27857510654761636,-0.3584412948254172,0.07718773992907124,-0.014763810899928231,-0.13855350548816323,0.05922713107560429,0.25053927198987186,-0.03304853518184531,0.091017552325517,-0.1490001203909021,-0.042456836086792654,0.22680990663346595,-0.0697441121907506,-0.13139218465406377,0.015429853802214233,-0.1774298524219815,-0.28746378294808017,0.2653694671706051,2.1945717594393233e-4,0.22265223451526506,0.06056516858877295,-0.13068279018408105,-0.3028159784811077,0.07765008136762169,0.19019651658044084,-0.2499856297394955,0.19324272535757647,0.32465973710895435,0.02569802269892374,-0.2846386248702608,-0.19156170655863985,0.20408593469634606,0.35883687582907187,-0.11691582837420897,-0.14302418018585442,-0.32564497922135927,-0.11078414717393409,0.026480058368609893,-0.36472396949879715,-0.22461748629137734,-0.13285485753949622,-0.044173557412632625,0.28219129247079133,-0.16764117485621427,-0.06810465659632267,0.1992197651419672,0.14758555683975272,-0.12069053357120929,-0.29384834364886797,0.30187478362862874,0.05770662871969301,-0.15202733214814898,0.08411337678539099,-0.3179305253000447,0.1774147594560712,0.16612698091602424,0.2624038507669284,-0.010891052295921966,-0.02298983569912011,-0.3386377066878238,0.056106654785801846,0.019530569273818632,-0.018724558603597674,-0.1308737577559257,-0.26509931415383337,0.19873972567477127,-0.3170685576682454,0.2858309126113173,-0.18137391792866125,0.01842050614568741,-0.2730566788509191,0.17197454598091577,0.13296224007959137,-0.35313405222947947,-0.20907752404863061,0.366910627170046,0.027318128742325393,-0.1497410215006082,0.27983951215308817,-0.018941977777511526,-0.21499528734954876,-0.09282369694474502
HALLMARK_PI3K_AKT_MTOR_SIGNALING,0.13552137003973747,-0.12718427875470412,0.12501043564029474,0.24421206110018503,0.21967364003720213,-0.09792958695297371,0.013508800505488666,-0.41380234819662937,0.1512659327287256,0.030830409549086002,0.10527854256329844,-4.1787341173082915e-4,0.02125241025745167,0.24171237984553184,0.12156838670622577,-0.04818315087684982,0.07981235127042458,-0.324622970795565,-0.06546856231483411,0.046179913138516354,-0.2185388933339936,0.06753613755338433,-0.1596736071939776,0.09175843573456349,0.20318499920207317,-0.27110126283043023,-0.3636634690290227,0.19331781359610428,0.1346706909805832,-0.12878858019949618,0.04632563411946444,-0.2134317792352188,-0.1170594600068176,-0.37171593988567664,-0.09325600338142373,0.23359449265009657,-0.23886464475863292,-0.033246912252915234,0.045551140195545514,0.16844433019480412,-0.10105079689312552,-0.030879867358462487,-0.17493634248931997,-0.010889130781726986,-0.2424210252880449,-0.11229438421529678,0.10165402223147293,-0.19248180443615762,-0.1312914067206179,0.17923595207526494,-0.18656319253647569,-0.15547725031912557,0.04340034635236306,0.14557523292371805,-0.07115917144480782,0.21522315796827807,0.09283736719397145,-0.11538050087270729,0.05490877784697101,-0.13743876043700923,-0.04420327774399191,0.0023663146559299852,-0.12191605161397873,-0.32711343262823167,-0.08897865178182518,-0.052601244655283264,-0.24504903690517035,0.06579525332596942,0.12233244556382006,-0.16093175946327873,0.00816836577144156,-0.006750626746460875,0.040843850015076566,-0.08835378118525755,-0.2416281216133654,0.10826800344273652,0.09363279233549238,0.0043209897973544575,0.13290913739950333,0.08853045689155287,-0.10836385613224633,0.20964471352707265,-0.16327622547240161,-0.24785105395909507,0.10360690579250628,0.009750064317527174
HALLMARK_PROTEIN_SECRETION,-0.08283433210499389,0.13871282464899182,0.08663547271984534,0.027397180163152957,0.2874641388813186,-0.18904301134646742,-0.3502481270358031,-0.457822124795388,-0.05290601008120044,0.07643377317784394,-0.13902631109046104,0.2220830929376893,0.21127342646009345,0.35046018348347846,0.18452274339326913,-0.15513513801854692,0.18094473399408362,-0.4159951570617916,-0.13285481609900068,-0.09415110545211869,-0.41784471429016895,0.009578435183829004,0.2453936256159071,0.3644938400668347,0.2485993481899359,-0.32028723713322765,-0.29588444718050355,0.23150395641299182,0.33782664403890045,0.08142127394559712,-0.21264811720420135,-0.22248285524254618,-0.2861288809368207,-0.4057466935165053,0.09044340917653909,0.45370146084758306,-0.42649943078974933,-0.2984672438088578,-0.15432056423429696,0.21844099980862808,-0.1742737349512306,0.33492524265605317,0.07317022211964588,-0.2642709560368919,-0.42239376727663236,0.2651840395996681,-0.050143281861913025,-0.32805100773448426,0.002291618047720878,0.24234579604448964,-0.4205899646436167,-0.2876559807055791,0.13751552808757855,-0.26431472083841223,0.07905814850940426,0.19080039029280127,-0.18224857427689112,-0.26944493484206833,-0.1627415026727036,-0.28525008848979677,0.3062287035282759,-0.40048378034565235,-0.2619978718579971,-0.5086918141542373,-0.21340566267547367,-0.011778768551295837,-0.32227571308259506,-0.03189961746414599,0.07980309499071714,0.010408440114507006,0.05027158020280767,-0.07408872329516039,0.09935041083749391,0.3991910263276478,-0.3926006708584181,0.05241733322809822,-0.16510604561582062,0.2626798675298436,0.3540757822774997,-0.1380579678875144,-0.08081570790879627,-0.010547846392407578,0.01664729116218741,-0.30458399895441496,-0.08617098473047605,0.264107134264565
HALLMARK_REACTIVE_OXYGEN_SPECIES_PATHWAY,0.10011042234574802,0.11360444794049365,0.3591242141269705,0.075998668012971,-0.010954306589199436,-0.022767999111599158,0.21091408173203974,-0.1387156471888172,0.05658414611320256,-0.040849088394335015,0.18671282940481132,-0.06948071083690224,-0.11773515346506916,0.014400985407053951,0.007896166123618431,-0.22264985321609745,-0.29847749191059914,-0.2994522021241275,0.18993655328579628,0.1657343301852381,-0.15622937366368375,0.2997618299067913,-0.09955213439492461,0.09180477403313642,-0.15589561912064398,0.072096906559045,-0.33642113345215185,0.27264782010847216,-0.022380379393289906,-0.34174432353089657,0.049511934990229156,0.10998902970413948,-0.17522642913114633,-0.38742561090387456,-0.05425104030610314,-0.08819188634708491,0.3002484329763177,-0.21950277228067305,-0.20653762303353118,-0.12004090779151338,-0.17703745641040702,-0.3255807407970607,-0.34528207184738935,-0.150341187065118,0.016697987314126195,0.13708745747840018,0.24058403607293727,-0.37253664949991205,-0.29457393343840194,0.3908967648357591,-0.21850190862761726,0.1279175794393143,0.2002907819658658,-0.2824007393644313,0.08460038000879594,-0.052462397474703104,0.009980434155901607,-0.11390746489196671,0.019902824176583123,0.18687091478604112,0.19295005514247648,-0.2020850006892766,-0.29097399232693344,-0.41840891519116663,0.011631640569590207,0.04626293919068131,-0.18341945382981745,0.051286568416081146,-0.3984278059199859,0.08287627944346981,-0.1996210226430414,0.18983324539485036,-0.07293055266766862,0.14583185192263326,-0.37499044202585496,0.014918515769810903,0.0041782760114355,-0.04451896417606099,-0.014418610158774353,0.1315945674831256,0.1716733757261084,0.2515615247157057,0.22604585975153613,-0.41676782187513656,-0.16713368687299088,-0.04424731794203321
HALLMARK_SPERMATOGENESIS,0.22511194156612174,-0.15725777677714772,0.15826148155759812,-0.07806936062515127,-0.18313565204260432,0.03371800313079368,-0.10435721890649591,0.05979293632854821,0.14476698528768384,-0.2029230324343686,0.0968787824001553,-0.14942588581972516,0.26771938058964445,0.0370437680671136,0.2568729694781668,0.303769210504291,-0.06987149399828499,-0.1084106089467369,-0.030343949209341414,0.05731051600493067,0.017741165620350413,0.16276615062033611,0.024936563587863114,-0.08620377851959224,0.11264753233546979,0.21511295315007672,0.014914585793627089,0.17346037915330698,0.08217023087358064,0.1186865186344297,0.17287454072288283,0.10391502579675582,-0.10015908625268355,-0.2310633399641948,-0.07045530810852073,0.06420669377869523,0.032374454516344464,0.12062286623906104,-0.08367828545290243,0.015287169865570105,-0.09638211039720593,-0.1867425379810566,0.00322484274843865,0.07527238001102221,-0.005323632659491956,-0.11412847325699715,0.27172637891241447,0.07772666783106827,0.0012827328486890721,0.10851761149172781,0.12092417625707974,0.10686278251819564,-0.15336156265912676,0.10303509201912464,0.02246799974492425,-0.13199925283577166,0.08321253443407373,-0.007126861963471343,-0.2062449562624565,0.1918689539677381,0.07416084700938907,-0.26447956352996527,-0.17820693693934161,-0.022043723059679998,-0.15885254221924486,0.22093818490211414,0.15869087178674016,0.09812013032501016,-0.12712633028640347,0.1019229232855296,-0.06156246022332146,0.27353340128181003,0.02896785752806963,0.06626326558706824,0.1482369873459468,0.06930548687700155,-0.038527853598319256,-0.20029770593168938,-0.11889388964427702,-0.06276406352737623,0.01386819916261603,0.013165399954251589,0.030801214029464175,0.12473529404766162,0.23140205706235872,0.09116818438662358
HALLMARK_TGF_BETA_SIGNALING,-0.3460480684920807,0.38951823145759723,0.10240352865995705,-0.02449095492439124,0.2618077893707439,0.09101915046094611,-0.21880399188317323,-0.42608781603089,0.16327603956556336,0.20951873310740354,0.08846083004277505,0.3237912367510973,-0.17275195787524583,-0.0995686600927409,0.013355792917381926,-0.3328060933018993,0.09186379964777677,-0.3036502826726829,0.023748055074503227,0.25263946821241223,-0.34561562651286165,-0.19799013648136016,0.094202349220908893,0.2772411095855589,0.2311389704125072,-0.09461933042566639,-0.44532447293460176,-0.12883847376489563,0.05288953722103126,-0.27001969050426045,-0.07877773953951428,-0.3875290789542794,-0.1253414351582815,-0.018449712289344777,0.05761723922926726,0.15523568483654265,-0.34405238551274675,-0.24118609710685146,0.0988930390281636,0.12800696902812558,0.26538302659424806,0.3215633529910544,0.18649478035595457,0.36337176657549275,-0.012562775505037815,-0.04444646980971628,-0.37534360610116807,0.11214391431786502,-0.12409798768840863,0.11426045880422292,-0.21235217262382272,-0.03483814172207239,0.18985224634653391,-0.29324189464810424,0.009176627116706887,0.3379645424148181,-0.36012176347087727,0.1666205597657211,-0.1366053050098876,-0.30801573154765494,-0.3144331510449998,-0.12301857654139486,-0.312590695809783,0.01146853181273605,-0.08857545844109538,-0.11882989163723276,-0.27102724080956786,0.16472395616047014,0.1684888991747595,-0.3754927794640743,0.2868013791155485,-0.3694670947162087,-0.1264936425491261,-0.06474657425275543,0.021668378131996457,0.0010058428225542815,-0.177639126956292,0.03944355985534975,0.33142851813101215,0.11207682237358355,0.03682671128346676,0.2536941686200867,-0.136190199622104,-0.4292234713116267,-0.19916601304887122,0.08358960435822066
HALLMARK_TNFA_SIGNALING_VIA_NFKB,-0.28595658239863586,-0.14733326270426567,-0.1274423717467156,-0.34067935327143284,0.4811005520829499,0.36034326400986727,0.0029661423797500974,-0.09650858934763129,-0.13742983773274337,0.2347607687145094,-0.11372340710143042,0.0455324788238162,-0.3155076133213154,-0.14390245714904984,-0.39991757913960524,-0.5039314583063494,0.17370125338596326,-0.12868303804366277,-0.25610350496770334,0.14659577671960328,-0.2485117556855657,-0.30435586780439366,0.13870242781195072,0.06026829777666304,0.13435718972452032,-0.03194602244611533,-0.25613481044013536,-0.35105382644273053,0.32808230177604425,-0.42178461215226765,-0.49950377248806055,-0.13719069623052313,-0.14092207817819227,0.33310885404211077,0.10891476546427659,0.17213868239110708,-0.12477925415220514,-0.4946462952411662,0.24107148747156526,0.11495990790016103,0.1438465074548192,0.33713051256611104,-0.21234778410288535,0.10283362558599496,0.17764497410061073,0.3610222363295525,-0.3776506592472648,-0.4266037841443959,-0.3235980553728689,0.20036965539614704,-0.24729174215205882,-0.3081926755435007,0.5019579718317525,-0.3317247252725505,0.3009070829051002,-0.09387931882779565,0.15621055393303707,0.1319420782795605,-0.13239969787023498,0.34312225358876114,-0.22613982569649133,0.03996072965851727,-0.18684825156802198,0.3931155025737314,0.33087450360645587,0.343566587965369,-0.36174016488548705,0.3179360998253154,-0.1882228544107405,-0.15311446177456295,0.23777881430308684,-0.11148420836629169,0.11479549180181087,0.09245598388304554,-0.07842239864101536,-0.1482388859644444,-0.2554809285968333,-0.1509758445099908,0.35791179353941627,-0.2570588145714699,0.22982560450127887,0.20581623586116704,0.14846002032365252,-0.531556098114084,-0.04297881036400844,0.44961399008163433
HALLMARK_UNFOLDED_PROTEIN_RESPONSE,-0.3147786286287315,0.01672151956158663,0.3151370335799544,-0.014016766768793432,-0.11461480588099476,-0.41648415087457713,0.05333247199325075,-0.4030724898755449,0.34579433088063305,-0.3438067549885188,-0.218803032889052,0.31745688727292304,-0.18033036687506535,0.30684053474411666,-0.08860607878523966,0.06926709680895637,-0.06031305389798658,-0.33499910631612084,-0.019671127108602082,-0.0414352213520357,-0.18971934938858914,0.0435889930831177,0.3018979707234078,0.12045563633096712,0.004174949521581706,-0.2693425073922042,-0.05676300343180868,0.4256561711726651,0.3672527882816434,0.07108864469296747,-0.22148349797165542,-0.38775352650386186,-0.14234127250442455,-0.2610977104370904,-0.11336813940230112,0.1904100532034771,-0.1920247753884195,-0.06696003761779812,-0.19535584343714044,-0.006398715489732532,-0.2671418301824758,0.03137846744560935,-0.2329615531042911,-0.14480125844735323,-0.4203330162710346,0.21181284382585652,-0.1381594817065716,-0.23341957386708928,0.0483483507368801,0.32117944530597736,-0.03523892220509339,0.08276480680201193,-0.31235217655856934,-0.39578469406800765,0.11727338242543325,-0.16131905088127332,-0.17994095768060414,0.40341698240520674,0.12329023157106561,-0.11909150960613307,-0.060981388194258634,0.05796544346551047,-0.19503018357960997,-0.3800930503833876,-0.09152039419623414,-0.047783040156103906,0.0864318869718888,0.030463647607266553,-0.37897827222578595,-3.709327628104442e-4,0.24813451146631849,0.10297214054186099,0.032165054143437954,0.34359669074988136,-0.2047216959162285,0.2765465322587079,-0.13453883998439325,-0.22171518397282486,0.39796777389151905,-0.013943419534512558,0.10516385224740354,-0.15285288117382356,-0.05513591349407959,-6.676954155386827e-4,-0.24997089225260982,0.10712915456997324
HALLMARK_UV_RESPONSE_DN,-0.1133505913340036,0.14225655717293717,-0.15709809783810852,-0.14284790457881064,0.18947077506915444,0.1945590280746906,-0.07697761074352877,-0.24851706997540646,-0.10695523069950563,0.12180053203980978,0.05670940691096035,0.2106800218618199,-0.20069051374617736,0.1773918922143113,0.012707429402455755,-0.3684297898689948,0.05345627413566928,-0.04690720461945669,-0.11130130330684568,0.09451676635850806,-0.3842270407886532,-0.11418986883993854,-0.14509436835843278,0.09450043077576131,0.09588865752120279,-0.22245039410905304,-0.22074999002063478,-0.072840989690448,-0.04956199185007898,-0.18231704886989644,-0.27702682094456343,-0.19439045322559806,-0.06901261601136102,0.04689314892732821,-0.01874533602370665,0.031169444973233318,-0.25798029212061807,-0.3384339127118017,-0.1659810899740552,0.23487351331834294,0.11883238512782962,0.3177344959381205,0.09371761325244965,-0.002666052790997353,0.07219475045767776,0.0507864627442019,-0.38077137253719506,-0.022380051669572187,-0.05192298956227187,0.09420704506974481,-0.058596396172862386,-0.08451074594467156,0.16448112431783246,-0.06804187591992106,-0.10013599014726154,-0.08190615213096397,-0.08502246181761633,0.013645381997973438,-0.25557737520540286,-0.1245393403261657,-0.018131757454102032,-0.2434604926507935,-0.24525732664555214,0.27987594452035097,-0.13408245861482035,-0.02071020250089889,-0.14026026155839,-0.021450225891503305,0.17122922256910966,-0.05204366578248204,0.2617631719323454,-0.1927373031077525,0.1165779712888112,0.03176050783493539,0.13761929915769805,0.08723523993065885,-0.122695912806014,0.04628910497255945,0.24412185733401354,-0.09276757103670671,0.05039551981728943,0.19380310201486456,-0.05099623835907385,-0.10143527083516801,0.023326997022644347,0.09425689587465613
HALLMARK_UV_RESPONSE_UP,0.20570191282746902,-0.05833481206321295,0.09388407192592613,-0.16222752601486018,0.22638040800270426,0.03563129221534031,0.21158115664732946,-0.1444484557727272,0.23260387762017654,-0.2020064575558462,0.009821736787914509,-0.011974096453073346,-0.1005964575652033,0.1800602340801275,-0.047837062199473784,-0.15393532176426078,0.10239241166095964,-0.23993404684427977,-0.05680432091990506,0.10844629134589318,-0.11170697701242915,0.05036973630866909,-0.177152563094689,0.06920388478098424,-0.0011584646547123656,0.22680245552045963,-0.3862202440139545,0.22067360063655372,0.23436757873793845,-0.3071645362142526,-0.18578383368857304,-0.035632740788406975,-0.07561418258085845,-0.16670120110774772,-0.04149226670957459,0.02696439020935615,0.04033565779593118,-0.06564130046013622,-0.035460455405861596,-0.04870829868033624,-0.039591806261759094,-0.29675705867603386,-0.15216664000860758,0.057699916329304934,0.08537861942731434,0.17096645318658885,0.05427982780674262,-0.10798595988072313,-0.1985036143269064,0.10111976664857286,-0.2646624596093943,-0.05470254025881874,0.040209588258169726,-0.22616953175555815,-0.05684976638086958,-0.08691111857356576,0.17161674530497867,-0.1712533561406895,0.1764293573060289,0.13908996087515135,-0.08680262954779683,-0.1616795605904089,-0.16023293865998278,-0.07744243610213278,0.045587867085546296,0.02253507320471232,-0.1836961847781173,0.17024719084892836,-0.1593418843170974,0.011644650611528862,-0.21187562080896727,0.04859190496820712,0.24952487367099396,-0.11970926509870078,-0.07414020815068181,0.0861831221779828,0.08401133695687951,-0.28921326036353223,-0.21177306660905093,-0.19691928176849555,0.05825553545256196,0.07285647653602512,0.15609169646603216,-0.23389653201248067,0.019925674234623603,0.17591014605998873
HALLMARK_WNT_BETA_CATENIN_SIGNALING,0.10139215382377553,0.007948234334451104,0.45032538365088026,-0.24830388063941405,0.2973596600404985,-0.2647867943630382,0.10803737005770525,-0.006487661042834825,-0.2871436312953536,-0.3894882210658836,0.14249954457414205,0.06542773379056563,-0.2125157424577408,-0.20106757933264197,-0.08215163204870557,0.19243295831339918,0.051933003623207186,-0.2204135006798997,-0.10448414520110316,0.431185391766118,-0.24393884673342725,0.18702621880030124,0.006444175066735641,-0.19845817304125474,-0.2732892287792805,-0.09483274024561342,-0.46135582996443336,-0.07726431805277767,-0.046347715390934935,-0.0698199666877741,-0.1157396710517683,-0.01895140369651413,0.17066802648555562,0.2029651244250189,0.06495923429329087,-0.05215380071845038,-0.02225620008919202,-0.025373027775640933,-0.07262496071253452,-0.3759586477812357,-2.9315028099224927e-4,-0.13458921204021979,-0.0323461240828416,0.1529145789404614,0.26703245895633315,-0.31987952011254883,-0.3534545638747632,0.3309231403132572,0.33146876458583996,-0.3337485776256095,0.10990123977610355,0.14291925626450003,-0.2939242944920399,0.20038073669021927,0.10239087124159868,0.06011869920051255,-0.06201376438067874,0.3510071477388812,-0.10502668375737423,-0.5014388206619725,0.08453413428578221,0.20563603157304355,0.3053446865300602,0.14906199778589868,-0.08558759645163741,-0.09282246974284933,0.07416195524559896,0.3390311129355774,0.03670607036518253,-0.22999030687287658,-0.13300218905524136,-0.04241217687661275,-0.2516199644653857,-0.08312708910076422,0.17626203010442232,0.234217671204343,0.16318810284537633,-0.2986104404222722,-0.1379320571975049,0.09821087162640596,-0.040249693596716346,0.032865392001641014,-0.4153070053459411,0.3557048316013956,-0.14147297263265357,-0.4379223184038483
HALLMARK_XENOBIOTIC_METABOLISM,0.24685083968204619,-0.25857472811714255,0.03416892604588062,0.02501397024096369,0.4425958365593087,-0.2627142661538861,0.14388867019605606,0.1567211479068149,-0.26205283006687896,-0.0476156153877465,0.16462051187235377,-0.019033262367562725,-0.23627721854271813,0.11975231435806971,-0.1174499060287161,3.287941077775858e-5,0.01025388072014255,0.016297236014428174,-0.22582860248803494,-0.10453763293954282,-0.3249578539847861,0.16302656412863797,0.14803673685445007,0.13813184155372213,-0.12300256197190634,-0.026313726526935227,-0.24607476575404663,-0.14625519659275804,0.1636301290707231,-0.22339250734337177,-0.08862373303743762,0.15112326006649904,-0.18807186674308468,0.010921507780328354,-0.1535784840345974,0.05848091767945557,0.24938636087692895,-0.16256740206069986,0.0013601713009578353,-0.2671347791486765,1.1945394241064111e-4,0.14415173359942401,-0.0892165332799792,-0.16252101938999272,0.1543250871988242,0.014140371885357328,0.0917717736473374,-0.3660567052151546,-0.12033377112689067,0.1078190856929015,0.05783736722831362,-0.09422970044577658,-0.09352374414759274,0.02888119728953431,0.08201282604646076,-0.10129173623124604,0.10263448793556196,-0.15767480834648534,0.3816676521444098,0.1786127224220384,0.2098798618332004,-0.042781092778138796,-0.012603051444691482,0.012763800084115345,0.09643336298595578,0.17495512590747897,-0.11556580780536108,-0.16803510491252588,-0.2215643222105811,0.2964532359917548,-0.22565161690973748,0.1261496700037693,0.15820076125957605,0.08353413020629613,-0.1107611546999081,0.07901193192528005,0.17896889281626155,-0.22464065844532943,-0.20585638673735335,0.15758526198175993,-0.04030467802238591,-0.03327318980876254,0.3687345405145794,-0.2837214863208025,0.1622690459003353,-0.09549162884631165
